"","x"
"1",0.34054717915575
"2",0.585465971019215
"3",0.448890577154871
"4",0.668434386673051
"5",0.504846717154912
"6",0.865909875565144
"7",2.88711315568389
"8",2.8831762595373
"9",2.25508036214275
"10",2.25494501993269
"11",2.92373666462695
"12",2.25669436754694
"13",2.01802340841673
"14",2.77260414975502
"15",4.84684155542252
"16",4.42613795406508
"17",1.79094283868336
"18",1.97091230918405
"19",2.40663793998442
"20",4.16230706106467
"21",5.20856374337332
"22",4.91709324579004
"23",4.85305954718313
"24",4.08180405719416
"25",4.37794663886524
"26",2.16278741374116
"27",1.31720267433803
"28",1.48706212524203
"29",0.616393242917818
"30",0.966285118287506
"31",1.03126108136923
"32",0.68014340457879
"33",0.926417644022061
"34",0.78780177066821
"35",0.677442912400279
"36",0.468883700557649
"37",0.445231974099008
"38",0.477887816340915
"39",0.888637118914716
"40",1.13330868828118
"41",1.36086448743056
"42",1.27247549060992
"43",1.48720583014058
"44",1.08926515139567
"45",1.30746057154515
"46",0.88090386266788
"47",0.896635063431509
"48",0.488602403395988
"49",0.654622156673631
"50",0.40849572229483
"51",0.654664566451633
"52",0.321339606427671
"53",0.400119995865736
"54",0.494525061085383
"55",0.739876667607115
"56",0.699632840837714
"57",1.31151689659765
"58",1.82552338848932
"59",2.19082373952239
"60",1.87744455565856
"61",1.43683683663429
"62",1.95989578326597
"63",1.84718960763992
"64",1.7494533904737
"65",0.73099074910392
"66",0.496115668127769
"67",0.286449814336137
"68",0.667019628004927
"69",0.450165674063045
"70",0.299359119234029
"71",0.308330862461972
"72",0.30161139708992
"73",0.616808085169148
"74",0.732454172212702
"75",0.644237366729055
"76",1.30034939723285
"77",1.25531966249014
"78",0.96361285950405
"79",0.939572418720146
"80",1.42343412246949
"81",2.02784542066858
"82",1.96253404638266
"83",1.26716289874094
"84",1.13377561164716
"85",1.02467960598166
"86",0.628722690379063
"87",0.618792893606222
"88",0.763629814954417
"89",0.526770211033119
"90",0.613723671304586
"91",1.00190890191579
"92",1.15474099474189
"93",0.619082220148866
"94",1.1347634764527
"95",1.4704721605575
"96",1.12121549108555
"97",0.816561339102629
"98",0.944413414159356
"99",1.01590425746018
"100",0.77969104001873
"101",0.743120344006065
"102",0.34126030158722
"103",0.443500812915996
"104",0.351757232725409
"105",0.493550729709506
"106",1.07328257067354
"107",1.35573514008149
"108",1.2281284896786
"109",0.628588516599486
"110",1.16792742464096
"111",1.16648231631417
"112",1.66133393462037
"113",1.10042185098928
"114",0.844858869337623
"115",1.05898334308964
"116",0.656099328132478
"117",0.656032493439978
"118",1.64520378313288
"119",2.36457503351184
"120",1.04007028165501
"121",1.57332805430418
"122",2.52841770632482
"123",1.84648765612107
"124",1.1223120642068
"125",1.11105817185178
"126",1.02704561182271
"127",1.1236975757122
"128",1.52914719375109
"129",2.94008317750829
"130",4.12142658041927
"131",6.40144074817996
"132",3.94213526786236
"133",4.87311577267583
"134",4.46648594594444
"135",3.36967068801729
"136",2.70984912047985
"137",3.43884806784408
"138",5.00467990198817
"139",6.06357058393266
"140",3.36921552201453
"141",3.18056528793502
"142",2.31493726632738
"143",2.50812394718908
"144",2.68624606709214
"145",3.72022554893728
"146",3.40689400110104
"147",4.14792602535551
"148",5.52765247441832
"149",3.31029108023539
"150",4.23398593428505
"151",4.90939358699369
"152",3.88061745725519
"153",4.72688827278996
"154",7.56184015505117
"155",4.61764045337796
"156",3.19607848024254
"157",2.062640878897
"158",2.30263697693247
"159",2.52785619277402
"160",3.24559104831477
"161",3.76429517247043
"162",3.03185798994122
"163",2.2404138861431
"164",4.76417304104695
"165",3.74636093149236
"166",5.75889538468796
"167",10.4950224056602
"168",6.45726583619063
"169",9.34151195580774
"170",11.0832049670762
"171",8.39983739281901
"172",15.2866437923186
"173",9.19611674418345
"174",11.3878915512843
"175",13.3762115920828
"176",5.98837199068045
"177",5.33886620347853
"178",5.26824375495858
"179",5.47195507962467
"180",6.21622974154188
"181",3.56978141247176
"182",1.32147527870066
"183",0.715433674875607
"184",0.53764179136272
"185",1.30543572352509
"186",1.1236405245544
"187",1.04275212608802
"188",2.03550697770133
"189",1.87836450578061
"190",1.28693032117982
"191",0.898350848790739
"192",0.818818984349723
"193",0.857013197062754
"194",1.44023066586666
"195",1.92945874832991
"196",2.44679128364735
"197",1.91117458866639
"198",2.08839218549652
"199",2.07148520207996
"200",4.02337943297911
"201",3.40821295281358
"202",4.16601719463734
"203",3.53970048708856
"204",3.92684066628362
"205",2.98633113351813
"206",1.25740199728765
"207",1.22649267615177
"208",1.69415219087073
"209",0.694865583528129
"210",0.484014509871514
"211",0.311793939100033
"212",0.396720582664354
"213",0.342431825380002
"214",0.535149553204765
"215",0.34044061933595
"216",0.343768802693538
"217",0.524510860356881
"218",0.804471377391686
"219",0.724439614943358
"220",0.63342168937296
"221",0.544471981198909
"222",0.472738113950434
"223",0.546016553080742
"224",0.73141484513354
"225",0.993175349835807
"226",0.56869218930298
"227",1.04804367796759
"228",0.890847845699619
"229",0.85628900108271
"230",0.625825531610093
"231",1.06763365286828
"232",1.10340632934587
"233",0.926008507947063
"234",1.74061752471678
"235",1.58588329043686
"236",1.00727904758712
"237",1.62120252443352
"238",2.66000058632704
"239",4.42337579105035
"240",5.12686431240822
"241",3.95326871415014
"242",2.95614574992188
"243",3.39461660747719
"244",2.20769892171186
"245",3.33750057651491
"246",3.63352695325313
"247",7.102828499352
"248",5.22965442051529
"249",2.65481814931749
"250",1.96968045016603
"251",1.45849734791578
"252",0.884167534291031
"253",1.30439192773252
"254",2.23092737203567
"255",1.42997157241723
"256",0.950509381054411
"257",1.90811285485438
"258",2.45414499422362
"259",4.54338158308999
"260",4.17941802372833
"261",2.65665805970866
"262",2.10953629418229
"263",3.09315430807845
"264",4.68265908578916
"265",4.31442952191207
"266",4.8037866501836
"267",4.70097878435891
"268",2.72515779314333
"269",1.3114365157954
"270",1.89792007542768
"271",2.29305357069401
"272",1.94361020858084
"273",1.63608455404755
"274",0.973116322012253
"275",0.865400434740454
"276",0.795101774556597
"277",0.788151589283827
"278",0.906979906341779
"279",0.658002761215036
"280",0.740614660456527
"281",0.714304460723848
"282",0.71912451050632
"283",0.383451707861393
"284",0.456522195604665
"285",0.248767676810342
"286",0.1973739292889
"287",0.307005658833638
"288",0.298841700974907
"289",0.143620214605572
"290",0.120140583783895
"291",0.166163136285947
"292",0.101788904258124
"293",0.136026790482311
"294",0.150726398480471
"295",0.110145224547485
"296",0.0806730326151854
"297",0.108369475460447
"298",0.107701086899557
"299",0.092182694587292
"300",0.215030339204233
"301",0.211412447926053
"302",0.383649435616714
"303",0.667705928379204
"304",0.505469522232435
"305",0.526337347681041
"306",0.631709553368486
"307",0.93940237915755
"308",0.775449729433293
"309",1.05586618168938
"310",1.11075689334132
"311",0.753062034611024
"312",0.967120724739953
"313",0.578447471600084
"314",0.516259206076672
"315",0.434616002731455
"316",0.428045897785068
"317",0.249838728312926
"318",0.338008572261207
"319",0.678123127565952
"320",1.67914290986423
"321",1.56335947213971
"322",1.618574593332
"323",1.9581731605473
"324",1.24504776719261
"325",1.14533686404504
"326",1.15922090263338
"327",0.979788481249117
"328",0.952895440538726
"329",1.06037245669198
"330",0.92726213209452
"331",1.15120819970038
"332",1.29148295328696
"333",1.39326817995814
"334",1.3489354658583
"335",1.19576566331457
"336",1.58677187385288
"337",2.09631606426596
"338",3.40351771874912
"339",3.93723099371155
"340",7.9239979873552
"341",5.64049548707084
"342",4.30704373629945
"343",4.16186794220912
"344",3.77512798801502
"345",4.74473264931079
"346",5.78089649645952
"347",4.58529059412523
"348",2.30393550134224
"349",1.75265089229678
"350",1.5985421611538
"351",1.16620614192037
"352",0.980726617117625
"353",1.13694550646864
"354",1.55730784694513
"355",1.32164135151702
"356",1.09293879652122
"357",1.58889837113585
"358",2.37191474963773
"359",2.00966604536627
"360",1.27248982056467
"361",0.798309230385579
"362",1.93913635833722
"363",2.29352848908208
"364",1.45072450302833
"365",0.945321396293484
"366",1.76110413090333
"367",1.41024817983244
"368",1.96548898080082
"369",1.52473887629216
"370",1.12357751791932
"371",1.72545713321657
"372",1.49403019824166
"373",2.72315361019519
"374",2.64952263723187
"375",2.37576262033058
"376",2.44862310648808
"377",3.81132521654739
"378",2.48503420848186
"379",1.70358596714967
"380",2.29159373090698
"381",2.55322932574715
"382",3.93583349906143
"383",2.17593476807147
"384",1.81050411196585
"385",0.897933217200091
"386",0.623119786776262
"387",0.5707661723856
"388",0.822122103516843
"389",0.80123392728215
"390",0.847352152926657
"391",1.39682341643086
"392",0.909095405648637
"393",0.850531731712697
"394",0.914490175774646
"395",1.33767480947195
"396",1.46735215844873
"397",1.63106822362836
"398",1.85353205103491
"399",0.996952031132792
"400",0.766252496823651
"401",1.3257835068978
"402",0.829019627278666
"403",0.922785619269251
"404",0.851222642247932
"405",0.925336909842102
"406",0.936814400512648
"407",0.670794824976358
"408",0.643510359921856
"409",0.665084370951082
"410",0.90644745068203
"411",0.956320855613631
"412",1.0391687162904
"413",0.982543380967751
"414",1.32637074783621
"415",1.04145723834673
"416",0.610149580618086
"417",0.43964850663348
"418",0.385043247363871
"419",0.433236014522343
"420",0.274346753092388
"421",0.331412289023408
"422",0.359418580396834
"423",0.44503342170598
"424",0.621376972992084
"425",0.624309225734361
"426",0.45282520438778
"427",0.496682663890217
"428",0.359433670374232
"429",0.731602043402765
"430",0.895030836493929
"431",0.701860406487445
"432",0.387967748753376
"433",0.308876246967364
"434",0.388993848245713
"435",0.368979319278802
"436",0.241354932415873
"437",0.267677459802101
"438",0.317922567710452
"439",0.358091626118925
"440",0.27944451706494
"441",0.205124437045339
"442",0.445451927402927
"443",0.457787317394366
"444",0.213962907851677
"445",0.240179190957643
"446",0.586755457784582
"447",0.487697424337229
"448",0.513075881964614
"449",0.481706257342698
"450",0.48042341103288
"451",0.358352222560263
"452",0.258974191459417
"453",0.288943931788431
"454",0.321776546692737
"455",0.325292088363985
"456",0.474280217978275
"457",0.429683135887673
"458",0.558128531424887
"459",1.06253461155013
"460",1.09575148728531
"461",0.39236786697931
"462",0.500111305849633
"463",0.710129898106319
"464",0.722893409360906
"465",0.348074892722847
"466",0.504383826702282
"467",0.766176729555393
"468",0.784633090616139
"469",0.642619980192054
"470",0.840294055158006
"471",0.937442272982081
"472",1.17279342684518
"473",0.656715232079069
"474",0.743585136567392
"475",1.43926540496795
"476",1.9905099904807
"477",0.984210836359222
"478",1.08556762744125
"479",1.12735261019244
"480",1.04465892883864
"481",2.52894489012283
"482",1.71537887477983
"483",1.30971997123002
"484",1.02598145395703
"485",0.97919074983497
"486",0.994695017123027
"487",1.36316748265349
"488",1.76569063642253
"489",1.11010444545072
"490",0.672337627112717
"491",0.460071817829107
"492",0.470437418619085
"493",0.333727681612445
"494",0.359853249632967
"495",0.265280067276071
"496",0.224515720005783
"497",0.143645535147724
"498",0.224489216518161
"499",0.166647680037082
"500",0.127880079248785
"501",0.130055257483963
"502",0.118565243633184
"503",0.177511382343342
"504",0.195137583831592
"505",0.146108484180255
"506",0.219043068641448
"507",0.375842997103165
"508",0.479754793255987
"509",0.68360789381622
"510",0.587667487751075
"511",0.553461927051668
"512",0.354246059129525
"513",0.887784335419139
"514",1.10007731531558
"515",0.93729874518424
"516",1.23016107206074
"517",0.780518973867031
"518",0.800944498791996
"519",0.616192449722203
"520",0.48038382063616
"521",0.542509489502052
"522",0.755690984028641
"523",0.506977468052979
"524",0.946807996439232
"525",1.14053668483252
"526",0.762068482866635
"527",1.04149807066348
"528",0.70969883642519
"529",0.525642498802717
"530",0.627160496471333
"531",0.477217478475345
"532",0.489580808922109
"533",0.507797455878423
"534",0.498863390811878
"535",0.56029410672898
"536",0.480193573976795
"537",0.708441052583847
"538",1.51282851274002
"539",2.09802864942839
"540",2.32422823375122
"541",2.79513189346542
"542",1.5235050773835
"543",0.74373635628142
"544",0.861541600467905
"545",0.872864647933792
"546",0.881547275376226
"547",0.994259488343043
"548",1.32798798898869
"549",1.50363018157713
"550",1.52280568840198
"551",2.0060381771137
"552",1.3668242901473
"553",1.28502757692769
"554",1.80201880209995
"555",0.978488032923064
"556",0.852550387943189
"557",1.19170104018157
"558",1.94634172956979
"559",3.73288775917834
"560",2.27183536790597
"561",3.31845915202575
"562",3.08907335211685
"563",2.15632106391104
"564",1.97464257209518
"565",1.59693995200491
"566",2.03995269650198
"567",1.98623770014362
"568",1.463484140523
"569",3.97029542187774
"570",1.49049086401747
"571",1.44712695150903
"572",2.33857356843951
"573",1.53086100463232
"574",1.06824440081229
"575",1.52804834894355
"576",1.17425081734605
"577",1.05298155233875
"578",0.855714862859566
"579",0.682611178844255
"580",0.848907044310151
"581",2.23001085014467
"582",1.47789044247867
"583",1.51625868901578
"584",1.68671266790898
"585",0.900346575902602
"586",0.964068116440337
"587",0.448280910345577
"588",0.604554321095575
"589",0.962699937882907
"590",1.1349928985359
"591",1.5776991016195
"592",2.08800287356441
"593",2.42843680687089
"594",2.45897385674648
"595",1.20207227326785
"596",2.38844818961537
"597",2.61110793043548
"598",2.65495579832587
"599",3.19830403015044
"600",4.10891916450075
"601",5.52749812125948
"602",4.32785921632234
"603",6.64733706980342
"604",7.67421480604262
"605",4.02507483089167
"606",1.93620683076612
"607",2.52179384334999
"608",1.8690558194596
"609",2.35551161398906
"610",4.1190237379993
"611",6.44033000653786
"612",5.05630495251326
"613",3.43067685162581
"614",3.39731114939933
"615",3.22125638236734
"616",3.42356333407861
"617",3.47052745311707
"618",3.17030533445712
"619",3.06337160101823
"620",4.2400905461219
"621",6.5634172191444
"622",7.33074459336065
"623",6.48130397322582
"624",2.95801879704343
"625",3.01999539601595
"626",2.75705934196298
"627",1.75229453751802
"628",1.1192900576819
"629",0.957239568018633
"630",0.642016590091335
"631",0.976840208166539
"632",1.29182101702241
"633",1.11346778029084
"634",1.24957952856639
"635",1.05127111158445
"636",1.51937520797454
"637",2.14038785718128
"638",2.53107718438686
"639",2.55166633271662
"640",2.16708586575841
"641",2.9805999815465
"642",2.23029823296285
"643",3.21820785330806
"644",4.17297738904958
"645",4.75213642150748
"646",5.08599197181496
"647",3.34486445801115
"648",5.77944936586274
"649",5.98649442731754
"650",2.90229180193954
"651",4.02940668479342
"652",2.77555793520488
"653",2.22659844331205
"654",3.61643737536179
"655",2.24285481878733
"656",2.09827100371209
"657",3.11709317434593
"658",3.68946780047292
"659",2.0481684346144
"660",2.09345944181614
"661",2.21045138005404
"662",2.4681593930045
"663",3.28743196046612
"664",3.90978099800291
"665",2.9023653465945
"666",2.84243389272411
"667",1.37728850276591
"668",0.836321240541128
"669",1.16262189456443
"670",0.854995718999814
"671",0.596855269974359
"672",0.508337991396072
"673",0.402252370721016
"674",0.344159422709749
"675",0.591241417815954
"676",0.579915718431162
"677",0.670073831017758
"678",1.14338205396925
"679",0.699954889778549
"680",1.09094668522577
"681",0.926398067738094
"682",2.08006446337332
"683",1.83027847728615
"684",1.20952698023225
"685",1.15789766917799
"686",1.41901909133581
"687",1.7822853707714
"688",1.49927456139984
"689",1.76519475012932
"690",1.10494290869328
"691",1.65718355701148
"692",1.14864967579206
"693",1.26873225441102
"694",1.04574922055705
"695",0.886163438333507
"696",0.597856187390042
"697",1.06067651625117
"698",1.17652671215582
"699",1.29708360322062
"700",1.50514030757103
"701",2.06856244549884
"702",2.99180745160643
"703",2.53050179785912
"704",1.28773909560943
"705",1.28384785659136
"706",1.17076670008834
"707",1.12932604142878
"708",1.52150073783864
"709",1.40970203155622
"710",4.02288506665435
"711",3.00549700464322
"712",2.11313378557496
"713",2.40799389368348
"714",2.85443565213923
"715",2.29529341013186
"716",2.06640990815785
"717",3.076398864237
"718",3.52361396599854
"719",4.60570835049102
"720",3.96461022521831
"721",4.13861795876013
"722",2.28053468927447
"723",1.60841556845962
"724",1.90580398105995
"725",2.90321786904518
"726",1.76667110017587
"727",1.78341295711221
"728",1.09587606639607
"729",1.00611885898662
"730",0.730018057524916
"731",0.541041375209954
"732",0.677381764684711
"733",1.26631919155997
"734",0.71698016233061
"735",0.797982970973863
"736",0.708462598561247
"737",0.384339720958875
"738",0.820821710296246
"739",0.668391750913898
"740",1.2433964143936
"741",1.70566770853982
"742",1.35056321083906
"743",2.26492198120212
"744",2.44534452831283
"745",4.74199972988877
"746",4.68743247114528
"747",4.97503733001987
"748",7.83936872681742
"749",5.35724766484357
"750",4.87877478123176
"751",2.32000453151562
"752",2.93326412886188
"753",2.22570821124265
"754",2.14516719731947
"755",1.79564577626944
"756",1.21776244601329
"757",2.55433760306749
"758",2.80542025412106
"759",3.30783750487093
"760",3.95648528851006
"761",3.25857313113871
"762",2.3839687388549
"763",1.70362420652043
"764",0.802752395296734
"765",1.19668092220678
"766",1.0286903505746
"767",2.31899459857004
"768",2.46989601279325
"769",3.27496230123444
"770",2.24377412827663
"771",1.66911403998872
"772",2.42013421667282
"773",1.53728307031312
"774",1.72385000993156
"775",0.980052010733317
"776",0.943577925707429
"777",1.00982428742873
"778",1.16277768301392
"779",1.72952287406312
"780",1.98132402456407
"781",1.57214582456796
"782",1.43552008929844
"783",0.784840760413001
"784",0.65963864772514
"785",0.580049077505536
"786",1.4772217176642
"787",1.76483107797546
"788",2.13706841430279
"789",1.37540655317314
"790",1.47884441725647
"791",1.27882309356717
"792",0.997381550598983
"793",0.901442348752135
"794",1.13671207179441
"795",0.755333489852878
"796",0.891313289462185
"797",1.36061414332492
"798",2.4895193793175
"799",2.0322147630589
"800",1.19050686788123
"801",2.23314337144891
"802",0.897555247775474
"803",1.38441733081977
"804",0.969143538341325
"805",0.376963181977786
"806",0.298249911388203
"807",0.417873817323278
"808",0.725140543223383
"809",0.674772833747079
"810",1.05282332649094
"811",1.19275580183079
"812",1.66963869130145
"813",1.7048555024243
"814",1.97716733019252
"815",1.11518643082284
"816",0.70645076527997
"817",1.23903529352013
"818",1.65053632673777
"819",0.555928576690014
"820",0.846332050069111
"821",1.29585912225308
"822",1.70866087346766
"823",2.75399123227947
"824",2.28928402564093
"825",1.65011469230463
"826",2.08419926669936
"827",1.80014291052237
"828",1.6016335418346
"829",1.99216905928501
"830",2.23153897697463
"831",1.97670830518118
"832",3.0909575762281
"833",2.64400704231837
"834",2.66095784430546
"835",4.33595358041725
"836",4.48935214699897
"837",3.39689755088213
"838",4.03829231301941
"839",1.39211137175152
"840",2.20304076876273
"841",1.5395633919552
"842",1.00249093903665
"843",0.37519293598701
"844",0.259192376673884
"845",0.227533700257061
"846",0.922631807307553
"847",0.474412341458479
"848",0.744765770854318
"849",0.642843408133985
"850",0.496219485743637
"851",1.38063098939148
"852",0.863323568809086
"853",0.777166681136618
"854",0.695707882778162
"855",0.54802046166674
"856",0.645508913754846
"857",0.602773454303003
"858",0.644872003918895
"859",0.342777085055361
"860",0.728482876060625
"861",0.679909037444587
"862",0.317650388231394
"863",0.246164386916531
"864",0.239963917668573
"865",0.242328563330666
"866",0.333474281564315
"867",0.21182570989449
"868",0.182942095692988
"869",0.190389938528366
"870",0.316551254017966
"871",0.435053955524643
"872",0.452677643408858
"873",0.536133449176185
"874",0.505507108892152
"875",0.915401275076057
"876",0.901125415545697
"877",1.21378801304912
"878",1.79449380073371
"879",1.39499273821523
"880",2.1990555968088
"881",2.72139638359593
"882",4.3201394793797
"883",3.83245895276662
"884",4.58314842626619
"885",4.72660320535192
"886",2.90109294095554
"887",2.08217537450738
"888",1.32214487663375
"889",0.946446079867868
"890",0.572103177413919
"891",0.676106204128227
"892",0.732666297496157
"893",0.603803000723675
"894",0.226705239439167
"895",0.236098814257973
"896",0.494281134982614
"897",0.60415683911903
"898",0.367816612685142
"899",0.535600844079401
"900",1.26932327730936
"901",1.40332382765145
"902",1.00163229058418
"903",1.89142217037061
"904",1.93179033427937
"905",1.25311650125775
"906",1.19942818637507
"907",2.09120130555574
"908",2.66187464584942
"909",3.21532208934583
"910",5.27536722545616
"911",2.51800163932685
"912",1.72556400153619
"913",2.16150844170047
"914",1.90116660421323
"915",2.68284835005597
"916",2.81072059957983
"917",2.43404722800715
"918",3.19113500166619
"919",2.11499863049458
"920",1.48620484922418
"921",1.55897403752714
"922",0.992602089781463
"923",1.31587936888812
"924",0.85291628408799
"925",0.534007575172988
"926",0.483777816999982
"927",0.443622284054738
"928",0.589479876247827
"929",0.564192686750635
"930",0.524921355871958
"931",0.571054145785143
"932",1.30728196740086
"933",0.851881344209958
"934",1.11103975877611
"935",1.32860960622438
"936",1.7033208612424
"937",1.12763585980326
"938",0.442154790045833
"939",0.43981513995782
"940",0.57916406435421
"941",0.551087581502603
"942",0.358918920531344
"943",0.244599661048155
"944",0.270430565292742
"945",0.256914450142028
"946",0.267587063992884
"947",0.204996568658043
"948",0.262481635217896
"949",0.244893660741402
"950",0.312041938559831
"951",0.361937781223265
"952",0.391178728451288
"953",0.437657722936379
"954",0.335172915167986
"955",0.610101610515352
"956",0.567429346375671
"957",0.682160179778966
"958",0.4642609986585
"959",0.547585740922086
"960",0.38456459576488
"961",0.323842783788107
"962",0.214576011300144
"963",0.343694866194244
"964",0.215712793291222
"965",0.207291067263112
"966",0.318109299977382
"967",0.342253257418387
"968",0.47918336746407
"969",0.482680928051515
"970",0.718992775543292
"971",0.812575209281783
"972",0.792453306772148
"973",1.24437648352339
"974",1.09169607296335
"975",0.723322345597482
"976",0.698523926250928
"977",1.18277199267331
"978",1.45385917662283
"979",1.63680883780161
"980",1.47106562747985
"981",0.840392120551507
"982",0.434849294767268
"983",0.505109220896009
"984",0.427351175946425
"985",0.393076791402298
"986",0.380755435413722
"987",0.787584319229701
"988",0.576780190336425
"989",0.832095214438118
"990",0.948267607255405
"991",1.10200833230277
"992",0.955442059661957
"993",0.876750886063896
"994",1.03599473350288
"995",0.765371180730142
"996",0.969136953525498
"997",1.28778904781631
"998",1.00450784298257
"999",1.17602295209407
"1000",1.03829143680352
"1001",1.42881872629908
"1002",0.950476020830635
"1003",0.683541713162421
"1004",0.592319126027814
"1005",0.533226795663281
"1006",0.420890551324845
"1007",0.509773710177565
"1008",0.405714797382782
"1009",0.478838680260339
"1010",0.784866891839317
"1011",1.22154686251971
"1012",1.06729912313204
"1013",0.877103573523918
"1014",0.744900123677258
"1015",1.53612806588935
"1016",2.35917776358804
"1017",1.21985799434277
"1018",0.81078097166167
"1019",0.802401464664892
"1020",1.24470122903486
"1021",0.954662412337949
"1022",1.03274122846471
"1023",1.02620980684896
"1024",0.623639256992955
"1025",0.47004240391649
"1026",0.569380065925932
"1027",0.498439482072098
"1028",0.53012363874448
"1029",0.317103090928543
"1030",0.302785207394982
"1031",0.287295935687947
"1032",0.348121320949314
"1033",0.264881311892903
"1034",0.137911091665786
"1035",0.202480580831151
"1036",0.522965448518251
"1037",0.489043949616698
"1038",0.605740878943632
"1039",0.74726799044425
"1040",0.666555858334441
"1041",0.910452701102572
"1042",0.706495043956515
"1043",0.604575083902822
"1044",0.942998420329395
"1045",0.834850323331451
"1046",0.627098093270331
"1047",0.80704570766609
"1048",1.20681865697734
"1049",1.1957949565122
"1050",0.720460585775515
"1051",1.74684064848061
"1052",2.72197107832453
"1053",1.8282997500164
"1054",4.34285055923214
"1055",5.11084989192454
"1056",3.09646132519278
"1057",2.39585177195645
"1058",4.56273423001469
"1059",3.01338541690309
"1060",2.37499886774784
"1061",3.83064138075548
"1062",2.03058536418561
"1063",1.68776702963465
"1064",1.18065621414257
"1065",0.824429785357828
"1066",0.483917160984085
"1067",0.406859545271435
"1068",0.592129362978524
"1069",0.348109814697074
"1070",0.278012693297819
"1071",0.425978384229796
"1072",0.529173835518046
"1073",0.966714214720341
"1074",1.84550401148838
"1075",1.49329884631222
"1076",1.24068264498222
"1077",0.997950911326838
"1078",0.643916086243819
"1079",0.348115622451419
"1080",0.307477080966438
"1081",0.490402110052684
"1082",1.40882830383852
"1083",2.69745796387288
"1084",2.61180078080262
"1085",1.89521045625948
"1086",2.0890952197934
"1087",3.5531105815767
"1088",3.26372985103888
"1089",2.22865217675298
"1090",1.83606988567248
"1091",1.63643186632181
"1092",2.33329060313631
"1093",3.84527531151493
"1094",2.57081823645428
"1095",1.05922449348879
"1096",1.30715271284366
"1097",0.692684039400588
"1098",0.711884873261266
"1099",0.469793105752967
"1100",1.1784591047312
"1101",2.10890504878409
"1102",1.85232164852291
"1103",1.31206370770838
"1104",1.49728378409395
"1105",1.12430967025202
"1106",0.815824929828071
"1107",0.880454445847061
"1108",0.830491958572811
"1109",1.36444709786948
"1110",1.29745810757905
"1111",1.46424588878371
"1112",1.72947992460562
"1113",0.833503624532594
"1114",1.10782164985908
"1115",0.799338132141193
"1116",0.34971981453029
"1117",0.530411009672337
"1118",0.577654814158145
"1119",0.712409199867175
"1120",1.12992156265123
"1121",0.788898968549063
"1122",0.924262575505394
"1123",1.3397142297102
"1124",1.89727419267031
"1125",2.91684300003404
"1126",2.96514860042926
"1127",5.90123366327521
"1128",2.04717502296457
"1129",2.02649337335665
"1130",2.56934939423304
"1131",2.70898553505055
"1132",5.57486598263989
"1133",11.6226038126243
"1134",7.19994313535246
"1135",6.22117583504711
"1136",4.07402749103882
"1137",3.89472413291558
"1138",4.90147923581871
"1139",3.45267454600956
"1140",1.51143755044122
"1141",0.810960088860646
"1142",0.664979098700527
"1143",0.577294034339765
"1144",0.702396701262291
"1145",0.500858163589904
"1146",1.05011423907077
"1147",0.759379873926667
"1148",0.947880515387502
"1149",0.809891806403327
"1150",0.581164245767997
"1151",0.547774247313514
"1152",0.321096155393216
"1153",0.274883957398828
"1154",0.229964403060337
"1155",0.199011258809211
"1156",0.183360811995694
"1157",0.200870567396308
"1158",0.240178376075472
"1159",0.135909101800715
"1160",0.156869387339633
"1161",0.126526330924142
"1162",0.172776340443465
"1163",0.259327117024376
"1164",0.185838060028186
"1165",0.212797262688715
"1166",0.373409124826359
"1167",0.387020592835838
"1168",0.875885868042686
"1169",0.810697821644984
"1170",0.547121353270292
"1171",0.608738336163061
"1172",0.476129944036709
"1173",0.38439069670269
"1174",0.202811577298825
"1175",0.305570805186465
"1176",0.278320779388754
"1177",0.245976075619223
"1178",0.210539843799608
"1179",0.599600023824278
"1180",0.729739782986789
"1181",0.685271151532252
"1182",0.627433206163207
"1183",0.458679429166249
"1184",0.366473999750641
"1185",0.336580262046142
"1186",0.1143325073963
"1187",0.152326023180855
"1188",0.160909497804776
"1189",0.39419362933332
"1190",0.386295905700997
"1191",0.30369697886356
"1192",0.257835581217681
"1193",0.466753034565287
"1194",0.410735916385148
"1195",0.573960837101849
"1196",0.490623031423525
"1197",0.336519760846464
"1198",0.495042665620907
"1199",0.598706585297481
"1200",0.43665536047828
"1201",0.398684427637494
"1202",0.190098232190597
"1203",0.326553636119705
"1204",0.628147837357963
"1205",0.858273908418786
"1206",0.505826891461744
"1207",1.07507960839568
"1208",1.03519721638668
"1209",0.502178731472249
"1210",0.564468484694813
"1211",0.370621134857469
"1212",0.321734607657697
"1213",0.420122505100928
"1214",0.348023202077386
"1215",0.309760195721526
"1216",0.521032882374828
"1217",0.579910422408718
"1218",0.419868806614457
"1219",0.340877601614508
"1220",0.355697195334364
"1221",0.368340935323625
"1222",0.464916390192054
"1223",0.756694280476453
"1224",1.04761622099994
"1225",0.912248747276798
"1226",1.51834175812766
"1227",1.87955318226716
"1228",1.98856141526352
"1229",1.55540596991438
"1230",1.34699474581843
"1231",1.08776826790551
"1232",1.41686556248673
"1233",1.42783500827247
"1234",3.10985836295242
"1235",2.27606714774499
"1236",1.95927957153417
"1237",3.13460940654835
"1238",3.41106097476248
"1239",2.45657993985342
"1240",1.64983583938988
"1241",1.7497192125672
"1242",4.00833215515004
"1243",3.11330788459561
"1244",4.07276149664354
"1245",2.48289991633345
"1246",2.27247956894542
"1247",3.05451469859945
"1248",2.85848237146616
"1249",2.769022760235
"1250",2.39206029311691
"1251",1.73364912211686
"1252",3.25300084759151
"1253",2.54872375214704
"1254",2.8557746511928
"1255",3.54354649769746
"1256",3.47032060507328
"1257",4.69956517233471
"1258",6.52254423114484
"1259",5.94428497712044
"1260",4.56922130478546
"1261",3.72564286757798
"1262",1.97357628167768
"1263",2.74828204384578
"1264",2.94275133628375
"1265",4.27249726297343
"1266",5.09957244285396
"1267",7.11228078334702
"1268",5.43542461699917
"1269",4.80642004832537
"1270",3.49537943035944
"1271",2.81473276288984
"1272",4.0636273551743
"1273",3.47481757258905
"1274",3.90230350959097
"1275",4.23400231776307
"1276",2.67737637025079
"1277",2.46300076909928
"1278",3.22350709198506
"1279",4.20044667500235
"1280",2.94497244565978
"1281",2.02567454057239
"1282",3.11283362452458
"1283",5.25522429007766
"1284",3.84969298319334
"1285",3.20408307511662
"1286",6.06975973651811
"1287",4.67590922741725
"1288",4.59218698270841
"1289",2.89330840502802
"1290",2.83661136208726
"1291",3.13070838572461
"1292",2.49590106577609
"1293",2.59627999532611
"1294",2.22316834198836
"1295",1.74444352766539
"1296",1.11103575976718
"1297",2.10801900242347
"1298",3.06441690039431
"1299",3.96227881146051
"1300",3.54574598561575
"1301",2.17271501505647
"1302",1.06251582126639
"1303",0.795475337641485
"1304",0.725976464182223
"1305",0.559770806396378
"1306",0.488538821965987
"1307",0.662778067959397
"1308",0.655019133604505
"1309",0.694430099431469
"1310",0.730185057331388
"1311",1.8274933621521
"1312",1.68191408248309
"1313",0.839763484238544
"1314",1.31458791265161
"1315",0.745907196379947
"1316",0.482466620100918
"1317",0.389457771042954
"1318",0.312885375624702
"1319",0.201343385334908
"1320",0.415976163582599
"1321",0.411290856085616
"1322",0.646715960379783
"1323",0.877925642433537
"1324",1.00107022198545
"1325",0.761968958261991
"1326",0.942188390807901
"1327",1.3552192528268
"1328",1.1281967439633
"1329",1.21452274968108
"1330",1.19164302131221
"1331",1.19069331859874
"1332",1.03613317124391
"1333",0.408805363981147
"1334",0.233963100543676
"1335",0.416564464638329
"1336",0.302793874432774
"1337",0.305793827265996
"1338",1.09003455044306
"1339",1.16084497244393
"1340",1.01750193510352
"1341",0.598636903758845
"1342",0.479043957845524
"1343",0.450884130690841
"1344",0.415034490112777
"1345",0.636638657946173
"1346",0.625395524501013
"1347",0.503697725925575
"1348",0.744074391480778
"1349",0.673711151010795
"1350",0.41865269953647
"1351",0.383028657986955
"1352",0.36647233040581
"1353",0.464797948058444
"1354",0.399203871855777
"1355",0.489874703397559
"1356",0.349044317072693
"1357",0.530871671481553
"1358",0.504142636003836
"1359",0.499905311369665
"1360",0.719865030220203
"1361",0.822444688126637
"1362",0.876626432415108
"1363",0.917467414220711
"1364",0.728745900168936
"1365",1.33340070045167
"1366",1.1372416911048
"1367",1.30163704320377
"1368",2.32501114735727
"1369",1.24353104472093
"1370",1.49365344495637
"1371",1.91117828131836
"1372",2.25908262795981
"1373",1.05948494390015
"1374",0.536151535683239
"1375",0.459051739106834
"1376",0.532770238225466
"1377",0.271923819348313
"1378",0.214591827370652
"1379",0.277480998205955
"1380",0.36718939818596
"1381",0.361400902584938
"1382",0.35623946887856
"1383",0.289562696873612
"1384",0.383302942368796
"1385",0.33795257275575
"1386",0.669937098279452
"1387",1.30770165921286
"1388",1.29856192741384
"1389",1.74204182608969
"1390",2.5614553594263
"1391",1.6012622732844
"1392",1.34065810639504
"1393",1.95270034694828
"1394",1.75904252877686
"1395",2.31605182419709
"1396",2.88971308289024
"1397",4.80043978962059
"1398",4.41392140621552
"1399",1.77977717538359
"1400",0.941484950509453
"1401",1.02862516560617
"1402",1.12907872356578
"1403",1.31735024150768
"1404",1.1811559148946
"1405",0.595363687778452
"1406",0.571320137294609
"1407",0.753134276575543
"1408",0.787345764219972
"1409",0.619233222232866
"1410",0.890267008293646
"1411",0.249398019785194
"1412",0.163785039659354
"1413",0.287160170208971
"1414",0.395962092317455
"1415",0.612142704839385
"1416",0.481772125407592
"1417",0.303622096046935
"1418",0.489797397354991
"1419",0.498308546406305
"1420",0.657356000182331
"1421",0.569017563721559
"1422",0.58986116555926
"1423",0.752712522643599
"1424",1.13305119559199
"1425",0.733412510632236
"1426",1.10124378671102
"1427",1.21127558529656
"1428",0.762496267522003
"1429",0.838558705250561
"1430",2.39730765998643
"1431",1.69818419972215
"1432",1.50758259103947
"1433",1.43922585431807
"1434",1.50510956745568
"1435",1.27922181277898
"1436",2.56800552701699
"1437",3.90388065603558
"1438",3.5015543287615
"1439",3.36956568317555
"1440",2.80070016446211
"1441",3.29716582703732
"1442",5.09052579116971
"1443",5.92845057916971
"1444",7.16499997229337
"1445",7.31586986517727
"1446",6.77535462054906
"1447",5.83984343480047
"1448",6.21784934162557
"1449",4.34135112877438
"1450",2.87027434251705
"1451",4.65608779193593
"1452",4.73935370232263
"1453",6.77168002821777
"1454",5.33801305392144
"1455",8.04995064634537
"1456",7.12951348874682
"1457",4.61839848680798
"1458",5.41413193383777
"1459",6.20162656621046
"1460",7.82292196773092
"1461",6.63760528060374
"1462",4.98719501525582
"1463",3.49291864307925
"1464",5.06441077509617
"1465",3.68028081030027
"1466",4.33795725272972
"1467",4.88419986060935
"1468",5.50208022395878
"1469",3.42257649405657
"1470",4.36560257225405
"1471",5.26558584410033
"1472",9.72649084132715
"1473",4.57531396145091
"1474",3.97485278267888
"1475",1.74436776703946
"1476",1.55208547500035
"1477",1.40322846061705
"1478",1.1263639543224
"1479",0.620070142433662
"1480",0.576077408145502
"1481",0.366158947727803
"1482",0.300768644589045
"1483",0.271694264218654
"1484",0.240787702049216
"1485",0.212498586889386
"1486",0.135301284100365
"1487",0.0788858281060919
"1488",0.080035384730158
"1489",0.127768802933846
"1490",0.102875269720195
"1491",0.150475712069854
"1492",0.219823164043485
"1493",0.3443390781892
"1494",0.251236929093857
"1495",0.29779702944799
"1496",0.431080727017574
"1497",0.749955516542969
"1498",0.886878106947514
"1499",0.512779592031972
"1500",0.547209008686078
"1501",0.5304174998748
"1502",0.643572695732417
"1503",1.09577320811182
"1504",1.47228930255217
"1505",2.12481823094995
"1506",2.71015485510514
"1507",1.77020849685801
"1508",1.78157273046649
"1509",1.95094744513417
"1510",1.5369742954599
"1511",1.76152995087967
"1512",1.93510911592649
"1513",2.28922790801654
"1514",1.80078752829787
"1515",1.37600207854611
"1516",1.49603397875137
"1517",1.36252914144442
"1518",1.12040161422294
"1519",0.79500565229881
"1520",2.61600964985784
"1521",3.90170622690265
"1522",4.82174281127882
"1523",3.18688659927621
"1524",2.58383773610676
"1525",2.38491338346893
"1526",2.07262223481523
"1527",1.45079120874388
"1528",0.76217849346519
"1529",1.31696741244742
"1530",1.53061174035605
"1531",0.956832570267336
"1532",0.764068499922582
"1533",1.30412656964495
"1534",0.645824041359622
"1535",0.422265908643344
"1536",0.333772520847576
"1537",0.780294070936967
"1538",0.805827461885175
"1539",0.658126542247512
"1540",0.721825516689743
"1541",0.655241490697619
"1542",0.781977541465116
"1543",1.44955188321563
"1544",1.85751723961344
"1545",1.31610597005813
"1546",0.856534328645769
"1547",0.853934122945305
"1548",1.63060131670584
"1549",1.49208801208026
"1550",2.68283291791069
"1551",2.71988642144646
"1552",2.26563966390849
"1553",6.79754226329003
"1554",3.78974060126728
"1555",2.71494978387878
"1556",1.34391312876049
"1557",0.517135465837991
"1558",0.9771097697265
"1559",0.572013198782209
"1560",0.569614583629494
"1561",1.26738648555754
"1562",0.662735751010486
"1563",0.970364137352007
"1564",0.967107574150905
"1565",1.39659212649474
"1566",0.956424387163268
"1567",0.655596991543147
"1568",0.476633203246452
"1569",0.395999039242785
"1570",0.606184177538705
"1571",0.658819722804494
"1572",0.425631072901979
"1573",0.605774023654619
"1574",0.962821371341025
"1575",0.933331332639196
"1576",0.913785366635193
"1577",0.840151234213847
"1578",0.819128391586301
"1579",0.481583826184314
"1580",0.329956059418585
"1581",0.312691570346182
"1582",0.455810980541694
"1583",0.280253423437425
"1584",0.390361793093071
"1585",0.508872167524024
"1586",0.684533263668294
"1587",0.506405272940153
"1588",0.720076415878895
"1589",1.02239661820473
"1590",1.41371794499915
"1591",0.771896950508657
"1592",0.87893732786772
"1593",1.05217837524393
"1594",1.02358874794471
"1595",1.41863140414018
"1596",0.717284155579183
"1597",0.742845983491406
"1598",0.797802897636995
"1599",0.662592052661965
"1600",0.686929322075571
"1601",1.09494809639473
"1602",1.43776391199947
"1603",0.679284238160611
"1604",0.608587874765588
"1605",0.553445012942884
"1606",0.493165882772407
"1607",0.259988403528142
"1608",0.557109821623664
"1609",0.54562509898248
"1610",0.895667648710024
"1611",0.762643550041283
"1612",1.2091700131365
"1613",0.795668157666839
"1614",1.13100219211881
"1615",1.30664313930574
"1616",0.66656134788073
"1617",0.656931645102627
"1618",0.977319658780985
"1619",1.04615848168712
"1620",1.39020132395114
"1621",1.37079350598884
"1622",1.87220877358638
"1623",2.72268089946408
"1624",2.79445260072507
"1625",1.67654062981012
"1626",1.36471852394876
"1627",1.71929411624912
"1628",0.782204041736195
"1629",0.744563343920538
"1630",0.590921662262763
"1631",1.10238113350893
"1632",1.38786479531174
"1633",1.09171586012697
"1634",0.930685552264775
"1635",0.773991375737996
"1636",0.782651964118001
"1637",1.08440693679216
"1638",0.787174528393161
"1639",0.503086354214914
"1640",1.09501062356069
"1641",0.771209441582645
"1642",0.917601438897538
"1643",0.788822499405504
"1644",0.904202685112357
"1645",0.424697073439062
"1646",0.267523938809357
"1647",0.317444495394441
"1648",0.206690926752392
"1649",0.175776294779253
"1650",0.242710951693102
"1651",0.381719497830542
"1652",0.430670963939879
"1653",0.603001198320332
"1654",0.553958810081294
"1655",0.865794980514892
"1656",0.795040964411144
"1657",0.862961957759466
"1658",0.612749568711975
"1659",0.700339793124621
"1660",1.45929405528143
"1661",2.18084883433675
"1662",2.15098363791919
"1663",2.10516302386804
"1664",1.07489653913849
"1665",0.596465286683731
"1666",0.68369681179216
"1667",0.814406658000789
"1668",1.40491427817009
"1669",1.4218282606733
"1670",1.13570868119076
"1671",1.1064073580773
"1672",1.45131657767253
"1673",1.12934675101048
"1674",1.4480146535466
"1675",1.48184845149351
"1676",0.761297443502998
"1677",0.729781110092764
"1678",0.808776775866131
"1679",0.87798319174325
"1680",1.00145412790697
"1681",1.0377707149412
"1682",0.998689026585943
"1683",0.904708738147423
"1684",0.84724842469979
"1685",0.942051478517154
"1686",1.07532828908788
"1687",1.03664668941245
"1688",1.28388830487517
"1689",1.68839591394192
"1690",1.43773068477342
"1691",1.06197959071385
"1692",0.62549686007456
"1693",0.661882300266765
"1694",1.16305413729071
"1695",1.13160071986082
"1696",1.59686911561391
"1697",2.67014712144667
"1698",1.79703707644461
"1699",2.03324934823042
"1700",2.01441311737927
"1701",2.75418815175045
"1702",1.86720540752028
"1703",1.70362437986739
"1704",0.791874918569639
"1705",1.01896120963586
"1706",1.07939650356483
"1707",0.934978803508367
"1708",0.774907173367528
"1709",1.00135292141493
"1710",0.68657247420186
"1711",0.880645131537872
"1712",0.50783266312178
"1713",0.88298944841077
"1714",1.17089216899993
"1715",2.26754853861593
"1716",3.82581890705799
"1717",7.10751635926898
"1718",9.13542236581807
"1719",5.97178464092077
"1720",3.54824722967838
"1721",3.35291378839075
"1722",2.50046237094777
"1723",1.95657137613179
"1724",2.01933115222777
"1725",1.33875607448252
"1726",1.59858042781512
"1727",1.18017988096783
"1728",1.58148137848267
"1729",1.13845614609874
"1730",2.09750912097719
"1731",3.49820124514996
"1732",3.61229562978236
"1733",2.9063334528154
"1734",2.49715759932338
"1735",3.33241775289977
"1736",2.32739618467534
"1737",1.99761807823583
"1738",1.41350280503369
"1739",0.836031135110274
"1740",0.394606255114735
"1741",0.683045735546997
"1742",0.673516424713372
"1743",0.418608383215561
"1744",0.317529370828907
"1745",0.395130393272634
"1746",0.489178575016909
"1747",0.270533335594338
"1748",0.357369102973394
"1749",0.481152561227992
"1750",0.699527843406878
"1751",0.969988103897709
"1752",0.771330825629753
"1753",0.53287124766988
"1754",0.528448792881789
"1755",0.446803863254658
"1756",0.318390829294879
"1757",0.376819056271375
"1758",0.438760264137439
"1759",0.604503270339891
"1760",0.806182898875672
"1761",1.34116730133627
"1762",1.50063546502169
"1763",1.22043971068854
"1764",1.18788372224496
"1765",1.26652577735794
"1766",1.12007448712527
"1767",1.33710061092629
"1768",1.99209820719916
"1769",1.77972883503663
"1770",1.64067977362512
"1771",2.43066398097705
"1772",2.02585835358246
"1773",1.44054594735357
"1774",1.90245333996206
"1775",1.65542285595885
"1776",5.01749059931467
"1777",3.86190195621758
"1778",4.79636499003977
"1779",7.69885779394223
"1780",10.2834965972088
"1781",14.1645909139139
"1782",12.0263614229343
"1783",8.19240706826305
"1784",13.7071350429865
"1785",12.4462978891951
"1786",17.6270944400713
"1787",12.9517076737828
"1788",6.40588640790785
"1789",2.61843155293736
"1790",3.35873642076127
"1791",4.34763811767973
"1792",2.8589162707257
"1793",2.89615787593928
"1794",4.01032045800052
"1795",3.63498092825604
"1796",4.01936595509525
"1797",4.26111999416764
"1798",4.15379781621508
"1799",5.49154378432655
"1800",3.89818067298462
"1801",3.10132671529828
"1802",2.28563224081987
"1803",2.2405598609608
"1804",1.39896536319313
"1805",1.21760042105965
"1806",1.83824310138543
"1807",1.01059353587684
"1808",0.611320369476211
"1809",0.763415619361302
"1810",0.6209168299313
"1811",0.420132023770856
"1812",0.970023785341873
"1813",1.4441239188391
"1814",1.69212328419145
"1815",2.8221594742017
"1816",2.36236022867676
"1817",3.66815098616217
"1818",2.67923696780086
"1819",2.41134718495562
"1820",1.76183639363666
"1821",1.42862469429403
"1822",1.53616275029422
"1823",2.83807729266167
"1824",3.84726459945999
"1825",2.13784739052667
"1826",1.21284566735064
"1827",2.53424108674958
"1828",1.58552504407561
"1829",2.5851276412915
"1830",1.56697228404546
"1831",1.46120368010629
"1832",1.98582027467492
"1833",2.90401402927957
"1834",2.48363165712607
"1835",3.33659628832531
"1836",5.09556568158593
"1837",3.69384483244984
"1838",2.16098748239573
"1839",1.9388645131855
"1840",1.23278306475533
"1841",1.35318925380349
"1842",1.16400330493066
"1843",2.56654423937689
"1844",3.14105380232024
"1845",3.59924830759763
"1846",1.9906816602767
"1847",1.75472044039729
"1848",2.01956497174673
"1849",2.57705051957521
"1850",1.94750806829827
"1851",0.954392640131428
"1852",0.992407342130982
"1853",0.804891855960091
"1854",0.609753152312094
"1855",1.13632325796977
"1856",1.44159412117668
"1857",1.02252452784451
"1858",1.43311512717011
"1859",1.85600604161075
"1860",2.1644437026638
"1861",1.91792196491608
"1862",1.17427716912466
"1863",1.79160694898103
"1864",0.895895031394595
"1865",0.578935381681785
"1866",0.55578981343135
"1867",0.676556158734468
"1868",0.814749197620046
"1869",1.05365193491964
"1870",1.56392068559559
"1871",2.00024618589281
"1872",2.09609420627177
"1873",1.46795490470795
"1874",1.70903154822344
"1875",1.15593432257148
"1876",1.10455541739379
"1877",0.887281356814133
"1878",0.64229806587596
"1879",0.328102305607136
"1880",0.122270436612312
"1881",0.0973324373705156
"1882",0.146721704178203
"1883",0.243570110615654
"1884",0.203761527271083
"1885",0.134674104976113
"1886",0.12077660210817
"1887",0.0910868365163502
"1888",0.0489241485500472
"1889",0.0422034964456392
"1890",0.0392748816317544
"1891",0.0928245323916245
"1892",0.108167645537067
"1893",0.0543439049268054
"1894",0.082419404997204
"1895",0.0874931284351811
"1896",0.155096992801513
"1897",0.224677934752562
"1898",0.395897190770821
"1899",0.250776733259644
"1900",0.177570081457909
"1901",0.206897912431545
"1902",0.376229806276145
"1903",0.274220351169979
"1904",0.306827677570486
"1905",0.338628940688323
"1906",0.339982643604385
"1907",0.433200135913932
"1908",0.645813747345668
"1909",0.521646539475467
"1910",1.08472541367995
"1911",1.47865986921407
"1912",1.33331949070895
"1913",1.42585761509762
"1914",1.16940802296813
"1915",0.764114084664446
"1916",0.552198669857764
"1917",0.7548870817247
"1918",0.823152315330153
"1919",0.550490647128438
"1920",0.575521336152996
"1921",0.502453559402097
"1922",0.237121579415218
"1923",0.408196894916885
"1924",0.617039553350173
"1925",0.4360340792983
"1926",0.370708436402671
"1927",0.425163946549994
"1928",1.1906034947875
"1929",1.40005133355202
"1930",1.44287347023324
"1931",0.966943920992873
"1932",1.55583099509421
"1933",1.77762129372576
"1934",0.58556243411513
"1935",0.507130592566787
"1936",0.483315923718808
"1937",0.398364562768681
"1938",0.394316777266377
"1939",0.214143232059202
"1940",0.317010443769593
"1941",0.263228445229431
"1942",0.301240144652987
"1943",0.63571041876777
"1944",0.491157009553609
"1945",0.557945460953268
"1946",0.561174190370291
"1947",1.36245334432738
"1948",1.14498129162348
"1949",1.28695793248854
"1950",1.71104858268148
"1951",2.38384058774328
"1952",3.03684586255187
"1953",2.09069949654378
"1954",1.90109903186225
"1955",1.63986736969275
"1956",1.91275400455333
"1957",1.00059383807754
"1958",1.06543112789393
"1959",0.638915606649076
"1960",0.60284903414268
"1961",0.614323350896551
"1962",0.530969625622156
"1963",0.631548650883669
"1964",0.680112356667885
"1965",0.601599414657455
"1966",0.759157459130704
"1967",1.22365255410757
"1968",0.893023086208543
"1969",1.00279863750292
"1970",0.623462970133203
"1971",1.03169610486602
"1972",0.691384779487068
"1973",1.46067201609653
"1974",1.18772391308971
"1975",0.924352029336456
"1976",0.949746252557078
"1977",1.06916613613713
"1978",0.914662386709069
"1979",1.38585827002076
"1980",1.50974895062764
"1981",2.99355461731732
"1982",3.13815883300881
"1983",3.34627297070241
"1984",3.63609933595014
"1985",3.01123029331839
"1986",3.06369943151423
"1987",4.67381896517224
"1988",4.567787601273
"1989",4.21307112665795
"1990",7.20245657550777
"1991",7.89574876303943
"1992",4.66407667366556
"1993",5.81876526108795
"1994",3.61501464847312
"1995",4.46751859995999
"1996",2.04836266330677
"1997",3.03526608237144
"1998",3.99583523902927
"1999",7.56464497452985
"2000",6.71493402506923
"2001",4.44071871655313
"2002",2.46221449796466
"2003",3.08090751739313
"2004",3.90128953981818
"2005",3.20131138720266
"2006",3.4274660745527
"2007",1.83985687946584
"2008",1.18821978172164
"2009",1.4185945117138
"2010",0.403835938332941
"2011",0.299626685846412
"2012",0.551646946817328
"2013",0.91338288155856
"2014",0.722627230755943
"2015",0.750696640330443
"2016",1.26217576216727
"2017",2.08944340445925
"2018",1.468696312565
"2019",1.99438706657589
"2020",3.08649997738963
"2021",2.2382297864135
"2022",2.70691698507858
"2023",2.2290661916802
"2024",1.96204828401682
"2025",2.87222487076097
"2026",2.65372525900629
"2027",2.0767764518551
"2028",2.94717963245616
"2029",3.02007626458479
"2030",2.49390763125479
"2031",1.82233792811065
"2032",1.32925141271168
"2033",0.645126209148829
"2034",0.907666900800103
"2035",1.43555810786556
"2036",1.78830300066568
"2037",2.35620082099753
"2038",1.14174711643425
"2039",0.793713801110259
"2040",0.819420666645509
"2041",1.03953947105016
"2042",2.07979926492119
"2043",2.01355014406218
"2044",2.20898746218233
"2045",2.51780817731171
"2046",2.56502012647427
"2047",3.76465492500597
"2048",2.58666063229746
"2049",2.16939371830815
"2050",1.62814028158719
"2051",1.70985700229978
"2052",2.03155661013583
"2053",1.45716263048511
"2054",1.05427445020317
"2055",2.31500365369667
"2056",1.51959901329309
"2057",1.3251556184714
"2058",1.11907594195675
"2059",0.864338770578916
"2060",0.618602656614871
"2061",0.343572368071538
"2062",0.292286025154678
"2063",0.42619453358585
"2064",0.39745462281062
"2065",0.751722921980299
"2066",0.572928964962217
"2067",0.529687901693244
"2068",0.84032390758362
"2069",0.69041475904716
"2070",0.878512233141972
"2071",0.874385982652484
"2072",0.737258969621228
"2073",1.71215849486404
"2074",0.840239178906984
"2075",0.744878385502824
"2076",0.586800077550049
"2077",0.662604923191882
"2078",0.583388422976859
"2079",0.847159632431165
"2080",0.818274876224625
"2081",1.00018703867971
"2082",1.33218121045297
"2083",1.52916830604544
"2084",1.13571638694375
"2085",1.57964172371237
"2086",1.07911878551702
"2087",1.68063890970199
"2088",0.948511551672323
"2089",1.49715327050216
"2090",0.935942738197518
"2091",1.77302149676113
"2092",1.44799264303412
"2093",4.31738972011861
"2094",2.76136546776457
"2095",3.12186601608504
"2096",3.40191595107624
"2097",4.25444576769404
"2098",4.19950932391749
"2099",2.80672163023785
"2100",2.85822592940577
"2101",1.65199616958415
"2102",1.1178837698837
"2103",0.614759092888792
"2104",0.677920681789193
"2105",0.67805340769924
"2106",0.861685852119144
"2107",0.493352985529449
"2108",0.798927865102404
"2109",0.849555389396551
"2110",0.769698641176081
"2111",0.665674841667864
"2112",0.817731652429877
"2113",0.945436178694534
"2114",0.705321637279473
"2115",0.520560259112296
"2116",0.515094420839356
"2117",0.470296778572502
"2118",0.481373463269913
"2119",0.814861189450669
"2120",0.875470648466387
"2121",0.857784681646133
"2122",1.7961407355832
"2123",1.41513098490438
"2124",1.68539810792794
"2125",2.04529652408778
"2126",1.4686564897346
"2127",1.11044531992809
"2128",0.870297467630279
"2129",0.675664402723888
"2130",0.909027375585138
"2131",1.00080821678604
"2132",0.503732259543557
"2133",0.427610540441287
"2134",0.427385420488148
"2135",0.637609724589471
"2136",0.478333314635777
"2137",0.988577173114342
"2138",0.6941690399319
"2139",0.722847691409075
"2140",0.685911935412083
"2141",0.581062331201871
"2142",0.300461401312359
"2143",0.308948827542808
"2144",0.444694781519723
"2145",0.276478987431666
"2146",0.24156603818409
"2147",0.173703036354913
"2148",0.210244471148274
"2149",0.495293930438159
"2150",0.52794984337631
"2151",0.568419926998903
"2152",0.751681644990838
"2153",0.390146723780669
"2154",0.475874022466395
"2155",0.24188994458156
"2156",0.398829965075522
"2157",0.554448211810721
"2158",0.502612136557926
"2159",0.355622890144946
"2160",0.668222569702979
"2161",1.43424518867881
"2162",1.59354048697297
"2163",1.61030037791334
"2164",1.05022012089541
"2165",1.57056766320522
"2166",1.80787051495018
"2167",4.08692195477784
"2168",4.64759716679503
"2169",2.56366716926499
"2170",1.66071450121293
"2171",1.1889975713738
"2172",1.54532107769669
"2173",1.07789903071863
"2174",1.05984742211099
"2175",0.658034010366858
"2176",0.450983953178728
"2177",0.556230782352009
"2178",0.702575901477437
"2179",0.84568405391923
"2180",1.28961060672765
"2181",1.22188884287591
"2182",1.22477420892687
"2183",1.31086090720975
"2184",0.718064435917586
"2185",0.438668756384155
"2186",0.684691047398031
"2187",0.653781622957437
"2188",1.1349433757015
"2189",1.48899605517546
"2190",1.44132279491042
"2191",1.2004567954108
"2192",1.30833412813419
"2193",3.15535508169171
"2194",2.98248476055755
"2195",1.40430665260816
"2196",2.15752045877247
"2197",2.20833143781785
"2198",1.66329422399222
"2199",1.85921346005314
"2200",1.9787637733187
"2201",2.41813871636658
"2202",1.90617789960653
"2203",1.26639543222736
"2204",1.04543742352577
"2205",1.74351163884226
"2206",2.19939900036662
"2207",1.61941127224685
"2208",0.695685754683563
"2209",0.660625409518936
"2210",0.480288658346244
"2211",0.309696707271428
"2212",0.324436517272807
"2213",0.435575956972513
"2214",0.155205801091747
"2215",0.231174657985329
"2216",0.230048182299943
"2217",0.129645884787216
"2218",0.200994788829845
"2219",0.142982637364028
"2220",0.197677645489657
"2221",0.200044287604565
"2222",0.208452295255798
"2223",0.225279116043788
"2224",0.335633887814346
"2225",0.394276169388405
"2226",0.273858222212804
"2227",0.243870346919195
"2228",0.333016891423872
"2229",0.520165832720415
"2230",1.08983756220142
"2231",1.13339365647911
"2232",1.41478283088731
"2233",0.990675561216851
"2234",1.4162776864113
"2235",1.26628700747647
"2236",2.36046334525051
"2237",4.18072618986011
"2238",6.70115375303932
"2239",7.62218058010537
"2240",7.15670185981647
"2241",7.85176060447146
"2242",7.76561723947597
"2243",4.18412017826109
"2244",2.90475285309036
"2245",2.46219993825173
"2246",2.03031890635473
"2247",2.06040034703748
"2248",1.05716123743744
"2249",0.509136410009688
"2250",0.281077114332077
"2251",0.312048786504334
"2252",0.668377631032837
"2253",0.551944822655094
"2254",0.456148880716983
"2255",0.355875028985058
"2256",0.378538425858204
"2257",0.184102239992354
"2258",0.351273457283152
"2259",0.396281398210276
"2260",0.477906115406919
"2261",0.309568408965065
"2262",0.372737619738273
"2263",0.690643461071773
"2264",0.836113016416007
"2265",0.941869353199142
"2266",0.716101162318023
"2267",0.676207453743831
"2268",0.592738217241125
"2269",0.664148324113224
"2270",1.33116178773206
"2271",1.256049136605
"2272",1.2909073629906
"2273",2.05118671493156
"2274",1.59988074212617
"2275",1.06855508740219
"2276",1.90871604364907
"2277",1.76008470495378
"2278",1.89186237868279
"2279",2.20782418833238
"2280",1.15352976550143
"2281",1.45138034363538
"2282",1.99404306188919
"2283",1.54701022288328
"2284",1.64873468089443
"2285",1.88468174108901
"2286",2.61223516982603
"2287",2.27472527936592
"2288",2.02113963351152
"2289",2.24750539973332
"2290",3.55417439766834
"2291",4.07300426322723
"2292",2.25110567899089
"2293",2.54554072234669
"2294",2.11874187827161
"2295",1.78020953078723
"2296",0.499524603294362
"2297",0.343027321710588
"2298",0.22167571030785
"2299",0.17336318379364
"2300",0.163973008190878
"2301",0.162206340531464
"2302",0.183855721112411
"2303",0.177748978319713
"2304",0.111934740455827
"2305",0.0717093336515425
"2306",0.135395707143511
"2307",0.181234408392504
"2308",0.359997330189282
"2309",0.383404023646383
"2310",0.399096417518166
"2311",0.385821262947861
"2312",0.47045374033837
"2313",0.454451530618648
"2314",0.504892421644169
"2315",0.999121684764872
"2316",1.66456631096725
"2317",0.8450028328858
"2318",0.826199858801095
"2319",0.963920273684085
"2320",0.95988552661551
"2321",1.08924222087291
"2322",1.91112335496446
"2323",1.47658820769219
"2324",1.50427506893344
"2325",0.677965433445592
"2326",0.696656228229357
"2327",0.772548795796567
"2328",0.62150497728125
"2329",0.619688495187757
"2330",1.46040573497309
"2331",1.78725887164989
"2332",1.21668797404352
"2333",1.00066846926951
"2334",1.25725659818759
"2335",2.59989857988673
"2336",1.71730136403738
"2337",1.98676496058622
"2338",0.904756705708778
"2339",0.530531924059095
"2340",0.892641314549257
"2341",0.601141247441433
"2342",0.605169439821189
"2343",0.651457290743055
"2344",0.857196676635564
"2345",0.557193516481942
"2346",0.978537387683899
"2347",0.950638430286893
"2348",0.758161547589941
"2349",0.404342509909903
"2350",0.317869709854363
"2351",0.345286847527178
"2352",0.271728062480585
"2353",0.275956976155102
"2354",0.405321638719166
"2355",0.465787546007051
"2356",1.275137453448
"2357",1.44784492621904
"2358",1.97337408465655
"2359",1.6693715442753
"2360",2.21409341382001
"2361",2.34020853463607
"2362",1.75438064934085
"2363",1.92402188641884
"2364",4.3204954862283
"2365",2.88159964369522
"2366",3.09430197448719
"2367",3.11617461807659
"2368",3.12299303747303
"2369",4.35355519959078
"2370",3.68469261925048
"2371",1.914498693751
"2372",1.44825431958647
"2373",1.1337401180267
"2374",1.09160529471706
"2375",0.732770698719052
"2376",0.942189695547619
"2377",1.42190002003115
"2378",2.36077820556438
"2379",2.12891512521725
"2380",1.92345586662388
"2381",2.15537300111338
"2382",1.15974139556147
"2383",1.08576003755499
"2384",1.9895734968293
"2385",1.46957006215564
"2386",2.39458350354635
"2387",3.45903799961621
"2388",1.83125083461865
"2389",1.31415527217374
"2390",2.08400587059756
"2391",1.99678413178769
"2392",3.29242283371258
"2393",2.30991320738605
"2394",3.13148641386856
"2395",2.24261867017923
"2396",2.64364293189375
"2397",2.70312934756275
"2398",2.94554464147647
"2399",2.15586259651955
"2400",2.58321083037017
"2401",2.57305312155139
"2402",1.51917206573801
"2403",1.5811616309633
"2404",1.6241641759098
"2405",2.6507724395765
"2406",4.34443089533677
"2407",3.94032773390744
"2408",2.98224970340222
"2409",3.85734389505935
"2410",6.12113578102672
"2411",4.96555257687609
"2412",5.94198071403598
"2413",6.2225453504201
"2414",5.49614784116255
"2415",4.11910199829477
"2416",3.69384483643194
"2417",3.88554548305957
"2418",1.91570267706357
"2419",2.75239971719211
"2420",3.63980483308817
"2421",2.30642673300553
"2422",1.13211057524574
"2423",2.01676205368351
"2424",3.72390556593419
"2425",4.9252267323497
"2426",3.87750537018832
"2427",2.50495009135135
"2428",2.59815918762789
"2429",1.61194510016078
"2430",1.50974629095196
"2431",2.41173728206243
"2432",2.3885093958431
"2433",1.67924082115079
"2434",1.56176674376737
"2435",1.19814946756237
"2436",1.97076826522342
"2437",1.82836288728767
"2438",3.39665152338186
"2439",3.24007549220445
"2440",3.58593862319599
"2441",5.02842349518407
"2442",4.81265064627615
"2443",5.08725584822739
"2444",1.99183045103422
"2445",2.34266290112747
"2446",1.87372874269913
"2447",2.02126854074468
"2448",1.38442429440503
"2449",2.00486736755085
"2450",1.18318676155432
"2451",0.754405952477194
"2452",0.791743435458348
"2453",0.291391921231243
"2454",0.240569104237233
"2455",0.340922868811273
"2456",0.302968852628282
"2457",0.25749707898916
"2458",0.249494470784016
"2459",0.455797780169791
"2460",0.239133425972322
"2461",0.192304578089443
"2462",0.160943552309278
"2463",0.146798835534277
"2464",0.163335717412672
"2465",0.274053070954187
"2466",0.404788452859322
"2467",0.544220136239842
"2468",1.16370565343244
"2469",0.539935741987991
"2470",0.628091919268938
"2471",0.679710930847264
"2472",0.814100894880061
"2473",0.608944669107739
"2474",0.428875193903393
"2475",0.593627192286161
"2476",0.399716662840169
"2477",0.455108347250089
"2478",0.516155641707047
"2479",0.458705851129894
"2480",0.497687114478551
"2481",0.606823952523588
"2482",0.675337870048298
"2483",0.516206865600883
"2484",0.496037981397518
"2485",0.374858507511864
"2486",0.831439630425161
"2487",1.38550086512329
"2488",1.4797476436441
"2489",2.26739426092207
"2490",0.989927291753244
"2491",1.6350846834073
"2492",1.10538624945688
"2493",1.01075782243181
"2494",1.26959565119768
"2495",2.44227066777575
"2496",2.39531622960359
"2497",1.59697623608384
"2498",1.9507198883219
"2499",2.11620389423458
"2500",2.54329895192491
"2501",1.48949573641892
"2502",0.98189023401927
"2503",0.852240355781031
"2504",0.883881645852644
"2505",0.94666801941648
"2506",1.1806253267436
"2507",0.857204139271127
"2508",1.16609187832727
"2509",1.92430025004206
"2510",1.28005211023631
"2511",0.470392026044816
"2512",0.404481473283093
"2513",0.289496858077248
"2514",0.519339173817412
"2515",0.276099914743603
"2516",0.229207787916318
"2517",0.239919740544229
"2518",0.262293355824517
"2519",0.276698622302599
"2520",0.387634767544679
"2521",0.346463520536604
"2522",0.558762194013769
"2523",1.538593645566
"2524",2.12674738084434
"2525",2.12709360607318
"2526",2.50517607628897
"2527",4.60831863458841
"2528",6.35927912761758
"2529",13.8024824683242
"2530",10.041524580248
"2531",4.64135141072513
"2532",3.16078415230334
"2533",2.20736531296386
"2534",3.39369692940226
"2535",2.99002296744255
"2536",2.12017964557081
"2537",4.80753082276972
"2538",2.71114983645229
"2539",1.26774297592257
"2540",0.989162877690053
"2541",0.927762326191492
"2542",1.12555800236754
"2543",1.24899771357836
"2544",1.51338132896964
"2545",2.08904669275374
"2546",1.85946927919572
"2547",1.69803671855271
"2548",1.24649988677428
"2549",2.57062291933361
"2550",3.01333934193374
"2551",4.87368404485236
"2552",3.36244446174169
"2553",2.53223194232191
"2554",1.9371125681697
"2555",2.23788996240249
"2556",1.98514695852016
"2557",3.1817541610012
"2558",3.42303849146201
"2559",4.06866316712031
"2560",1.85760069227503
"2561",0.837362893445409
"2562",1.14100838384184
"2563",1.14298337482903
"2564",1.57614382096518
"2565",1.27734566451793
"2566",0.994780386129848
"2567",0.886610920759474
"2568",1.36574666227355
"2569",0.754447383190932
"2570",0.744509481987966
"2571",0.905978876526032
"2572",0.84034495459221
"2573",1.02634958025856
"2574",1.29374089520346
"2575",0.507364576552063
"2576",0.812459402478057
"2577",1.07482293297911
"2578",0.912854243217041
"2579",1.7203938381285
"2580",1.65731195941044
"2581",1.42912300958913
"2582",1.60439774260105
"2583",1.49020981589441
"2584",1.76827559793915
"2585",1.54390403330498
"2586",1.43547134349691
"2587",1.81688457312973
"2588",1.40029124800871
"2589",1.37227062483395
"2590",2.99325815732494
"2591",1.46937221642695
"2592",3.02483689630222
"2593",2.95056289388862
"2594",3.00275759978378
"2595",3.86408252824531
"2596",2.45253188074681
"2597",3.54558191933631
"2598",4.50832353714117
"2599",3.04599031296872
"2600",7.16256967447759
"2601",6.17000103752759
"2602",4.31596803467604
"2603",5.79306873240237
"2604",3.62874467775502
"2605",2.54885183557632
"2606",4.034286546823
"2607",4.63577646869805
"2608",6.11119930403307
"2609",5.12761294868927
"2610",2.6633718941227
"2611",1.58814948878382
"2612",1.40724660762393
"2613",1.01102949845289
"2614",0.940258327004123
"2615",1.23293402680014
"2616",1.05165047816137
"2617",1.34375576408268
"2618",1.25634627567031
"2619",1.01529825562768
"2620",0.629653607230951
"2621",0.786419193330694
"2622",0.823551496141015
"2623",1.21346722173427
"2624",1.14469393861434
"2625",1.25618643750991
"2626",1.51250363293035
"2627",1.71109129808994
"2628",1.01629220075344
"2629",1.2501997640244
"2630",0.707891908059337
"2631",0.780905705274075
"2632",0.453555565824083
"2633",0.420226470576858
"2634",0.466355463609666
"2635",0.744574793447125
"2636",1.31542302412584
"2637",0.546589328133442
"2638",0.383771865060054
"2639",0.195003922980849
"2640",0.169176456307293
"2641",0.453457318584652
"2642",0.478829912215356
"2643",0.334408495128901
"2644",0.552540785677725
"2645",0.325753005031487
"2646",0.170025628069727
"2647",0.145190571113059
"2648",0.166165290994978
"2649",0.124596725274691
"2650",0.085702538709211
"2651",0.0660394417902508
"2652",0.127558062188767
"2653",0.330321331599819
"2654",0.517851548283798
"2655",0.50578473456861
"2656",0.55360138023052
"2657",0.634709792720056
"2658",0.407775183343102
"2659",0.576061422300739
"2660",0.611056729906237
"2661",0.461932693185824
"2662",0.42239484269488
"2663",0.261915144202143
"2664",0.298656916904508
"2665",0.490196712836577
"2666",0.514635537054053
"2667",0.596847258928277
"2668",0.729524771419765
"2669",0.401707764676456
"2670",0.592360327607535
"2671",0.627023182893058
"2672",0.608280938560776
"2673",0.616348043045108
"2674",1.06441439839942
"2675",0.752037645831944
"2676",0.506618048289049
"2677",0.726234171503173
"2678",0.881042651019754
"2679",0.799180112392362
"2680",0.515955217274741
"2681",0.375060775270298
"2682",0.874585105023168
"2683",0.629602028865362
"2684",0.622362682795662
"2685",1.02492344449014
"2686",1.50118514270457
"2687",1.16159092750195
"2688",1.0348414747465
"2689",1.36278786284618
"2690",1.23476111726062
"2691",2.06928212841925
"2692",1.7447010356243
"2693",1.93838851087705
"2694",2.96903437568581
"2695",3.83938995023364
"2696",3.62646496640326
"2697",4.00457049601344
"2698",2.26234229704554
"2699",1.01979754222769
"2700",1.87921078475058
"2701",1.98092827786088
"2702",3.06618423595222
"2703",2.07114588788722
"2704",1.8976894674393
"2705",1.62981692658489
"2706",1.54432074294066
"2707",2.28750683664665
"2708",1.27440037816091
"2709",2.12059935743125
"2710",1.70250132609608
"2711",1.30148910155747
"2712",2.11529021206159
"2713",2.5416534348809
"2714",2.78421653591338
"2715",2.40151229042529
"2716",2.85942042381149
"2717",1.8642110679002
"2718",1.91821422101551
"2719",2.15031438730007
"2720",2.09764534386965
"2721",1.59674863160473
"2722",1.94722077333384
"2723",2.22382403081271
"2724",1.70520695938969
"2725",1.31340987170382
"2726",1.19898771353803
"2727",1.63149520337973
"2728",2.44356407534313
"2729",1.43097517082556
"2730",2.34369764688446
"2731",1.45602546042277
"2732",0.420743772678524
"2733",0.304851678171529
"2734",0.271557065030818
"2735",0.461552915291643
"2736",0.510884520278274
"2737",0.425422473836731
"2738",0.23435898362002
"2739",0.675428692275943
"2740",0.898570408774978
"2741",1.1821183062307
"2742",1.68773375536745
"2743",1.89222350208342
"2744",1.73520375255633
"2745",1.44506856892653
"2746",0.987766894045899
"2747",1.33952521057188
"2748",0.960036699236035
"2749",1.28870238317036
"2750",1.23167282444787
"2751",0.942263884175056
"2752",1.25218710558233
"2753",0.762492091659618
"2754",0.682214032853905
"2755",0.69938810235318
"2756",0.472265874119433
"2757",0.312094282248219
"2758",0.340980614770048
"2759",0.410891913564848
"2760",1.13615497974438
"2761",1.58913332723992
"2762",1.26421041034734
"2763",2.05436872757152
"2764",3.49389109288988
"2765",1.96456646133312
"2766",2.29493829519397
"2767",2.70836227278272
"2768",1.79333338048795
"2769",3.3392123586671
"2770",4.41445451655709
"2771",3.83918359175806
"2772",4.67477364902276
"2773",4.62189821027926
"2774",6.00946119993623
"2775",5.79869975939658
"2776",4.18240168185704
"2777",4.512785674276
"2778",2.90465219685082
"2779",1.6458821909286
"2780",2.81690085527635
"2781",2.20632395204598
"2782",1.26348352396741
"2783",2.54392055020865
"2784",3.18295402364539
"2785",3.97447399382441
"2786",5.20073190144348
"2787",3.4411071724585
"2788",2.21642354306593
"2789",3.66696083455154
"2790",5.35327925544741
"2791",4.46696067669881
"2792",4.1591127632613
"2793",2.73361928905796
"2794",4.56934433843437
"2795",5.5049499836186
"2796",3.41144859023216
"2797",3.57708258574288
"2798",2.23375249243173
"2799",1.2371676534432
"2800",1.39283856959042
"2801",1.64215319579269
"2802",2.64883676779124
"2803",2.34586404670039
"2804",1.32311783698226
"2805",1.61125236207515
"2806",1.44047708521957
"2807",0.992310555140599
"2808",1.59988122865429
"2809",1.75255433439097
"2810",1.3854916482925
"2811",1.05167076865703
"2812",1.72370072659961
"2813",0.89533763486269
"2814",0.590273921170904
"2815",0.735377602916657
"2816",0.926212481659689
"2817",0.815055309457216
"2818",1.20680453044073
"2819",1.01309153191255
"2820",1.43371561804191
"2821",1.73444461776092
"2822",2.63110103130969
"2823",3.78368910030734
"2824",4.29908947562345
"2825",5.38180396871417
"2826",4.38703984595256
"2827",4.23521998245859
"2828",3.88160628721944
"2829",1.90409692038886
"2830",2.30422097771734
"2831",4.1237076066575
"2832",1.59698656700203
"2833",2.51647084412601
"2834",3.37633857367828
"2835",2.15234339474283
"2836",1.42271131175624
"2837",1.78085808896677
"2838",2.24269472105088
"2839",1.53328112554341
"2840",1.41183915326397
"2841",1.84280658189392
"2842",1.1146362131207
"2843",1.26806176787628
"2844",1.34798070402024
"2845",1.34218962662276
"2846",1.37110510861147
"2847",1.29305457401543
"2848",0.842902469692757
"2849",0.987856598820643
"2850",1.20833963414865
"2851",2.76911875975734
"2852",1.75183572601649
"2853",1.96041769377887
"2854",2.93384664954153
"2855",3.12825258257256
"2856",2.10319661305825
"2857",1.78566314878491
"2858",1.13519008018534
"2859",0.692828504960961
"2860",0.777215557456411
"2861",0.832101116427178
"2862",0.956006647841021
"2863",0.526769213752464
"2864",0.953895773644976
"2865",1.00783891865774
"2866",0.896519666681207
"2867",0.834032202738737
"2868",1.64162637618146
"2869",2.17063095206976
"2870",2.67332185477331
"2871",2.0577691916314
"2872",2.89816478198098
"2873",1.20712787097031
"2874",1.24196703457391
"2875",2.15670191631486
"2876",1.89155984957771
"2877",1.23036869988853
"2878",1.50558512990559
"2879",1.38481720383826
"2880",1.8883287042953
"2881",2.38750235833992
"2882",2.71935632105117
"2883",2.91739240912868
"2884",3.19707612943758
"2885",5.58597312718042
"2886",4.66050337789288
"2887",2.97047589482683
"2888",2.46453218903232
"2889",1.39293845992982
"2890",1.46037435908799
"2891",2.04616972887281
"2892",1.36910308192897
"2893",0.95052570177546
"2894",1.51370844285426
"2895",0.825465215359536
"2896",0.547178278983067
"2897",0.503324531936656
"2898",0.304381880934198
"2899",0.350296614314005
"2900",0.326521098635359
"2901",0.334267328545743
"2902",0.334077845534446
"2903",0.302604808504562
"2904",0.258146807722677
"2905",0.411691136151787
"2906",0.733835480796757
"2907",0.536217961067924
"2908",0.532863722635279
"2909",0.78460631094399
"2910",0.58258080599719
"2911",0.803635225977803
"2912",1.18862061385241
"2913",0.747042448821671
"2914",0.4807330460624
"2915",0.308260614107676
"2916",0.546149631680093
"2917",0.848125248594363
"2918",0.957700841449072
"2919",0.836403513714385
"2920",0.426463096387688
"2921",0.54875478645744
"2922",0.248889964221558
"2923",0.31383536735259
"2924",0.206132601889973
"2925",0.149943481610523
"2926",0.231633053833419
"2927",0.225710169095691
"2928",0.195488871930018
"2929",0.224598566948275
"2930",0.516031229211272
"2931",0.291156085077221
"2932",0.413391766333912
"2933",0.230261821991248
"2934",0.542305953583875
"2935",0.748499656807921
"2936",0.538102284525322
"2937",0.640804389225262
"2938",0.484674842797296
"2939",0.444974979259177
"2940",0.455925354148246
"2941",0.279659422523115
"2942",0.187592896351779
"2943",0.357971259131084
"2944",1.15518648011577
"2945",3.09179516285543
"2946",2.952050303428
"2947",3.62879730858874
"2948",2.57574659051335
"2949",2.83212813748196
"2950",3.04793717100367
"2951",2.2024463698176
"2952",1.99154725847768
"2953",1.32878439062111
"2954",1.04722833390334
"2955",1.41035901173376
"2956",0.69552812238805
"2957",0.470909936038601
"2958",0.385117959686062
"2959",0.325888107806612
"2960",0.562300904148775
"2961",0.248156661939196
"2962",0.505957891385984
"2963",0.906353192333346
"2964",0.555272077359801
"2965",0.487374855262787
"2966",0.414263165524285
"2967",0.4646394475398
"2968",0.409176823525613
"2969",0.319250647080684
"2970",0.424098317812551
"2971",0.973798224302682
"2972",1.09951761096374
"2973",1.63885900459657
"2974",3.0156082017162
"2975",3.12190660589169
"2976",1.9286216302068
"2977",1.48535216608394
"2978",1.02535812430604
"2979",1.13900598587734
"2980",2.62655919954083
"2981",1.44816968718908
"2982",1.93159008721955
"2983",2.70730736263359
"2984",3.78395050358703
"2985",2.78773110810697
"2986",2.22302810826198
"2987",2.47090791370766
"2988",3.78380726432326
"2989",2.93752564126396
"2990",2.87212208671857
"2991",1.78308003661404
"2992",0.954921906411889
"2993",0.796748706054785
"2994",0.579613098069171
"2995",0.519552985135651
"2996",0.745324913901617
"2997",0.549386261893279
"2998",0.363312794797906
"2999",0.3895319308619
"3000",0.217807653228695
"3001",0.235150299951265
"3002",0.390716054223796
"3003",0.243222790447652
"3004",0.403842562278208
"3005",0.306373727932196
"3006",0.507940908000125
"3007",0.708962147820026
"3008",0.857553664463661
"3009",1.22718640678201
"3010",0.985389943378863
"3011",0.738298981022346
"3012",0.649341128653772
"3013",0.226142176319328
"3014",0.255583565804105
"3015",0.280732525880561
"3016",0.484758099966217
"3017",0.461222610650496
"3018",0.312221809615734
"3019",0.319931770824615
"3020",0.389202723149361
"3021",0.400618101903371
"3022",0.464817182543524
"3023",0.488831835697178
"3024",0.894258516654107
"3025",0.65315719915163
"3026",1.00593730579201
"3027",1.47874661739097
"3028",2.03534870704861
"3029",2.9541860099537
"3030",1.67391397413663
"3031",2.62268156632745
"3032",3.12126946451463
"3033",1.90101140511486
"3034",2.04423064494453
"3035",1.77369407204511
"3036",1.03820309905722
"3037",0.538081285458361
"3038",0.491411760632018
"3039",0.613564566326918
"3040",0.585037565502
"3041",0.525993549522376
"3042",0.397818171429265
"3043",0.56645895766685
"3044",0.52460188968559
"3045",0.376622330728152
"3046",0.486046445789686
"3047",0.618692110848509
"3048",0.527219042304619
"3049",0.429642284100327
"3050",0.171241187597321
"3051",0.195949077026726
"3052",0.224697997060232
"3053",0.51353273669517
"3054",0.49753547108754
"3055",0.765896208025915
"3056",0.607071507700475
"3057",0.498715564187318
"3058",0.810852107645865
"3059",0.458612179916104
"3060",0.635240797519728
"3061",0.826222151161591
"3062",0.707436053044736
"3063",0.585575544425064
"3064",1.02908889221144
"3065",1.22428676778715
"3066",0.660143886732853
"3067",0.829415546065583
"3068",1.05063175310825
"3069",1.42343997176398
"3070",5.02259711001617
"3071",3.13244725164742
"3072",2.64194731711049
"3073",2.9101788101761
"3074",1.70774464299459
"3075",1.59954732689954
"3076",1.65380912579421
"3077",1.89996055652302
"3078",2.10940597975338
"3079",1.73525230475397
"3080",1.87813240399092
"3081",1.86480703183338
"3082",2.15956126657539
"3083",1.90821161281021
"3084",2.14277636757591
"3085",1.47622936859718
"3086",2.12605506972078
"3087",1.67871628581818
"3088",1.49010584791422
"3089",1.3570027499466
"3090",2.18701833601218
"3091",2.43834179679551
"3092",5.26069956317444
"3093",6.52002365416704
"3094",4.20759685252712
"3095",5.26249940482609
"3096",2.07620963744578
"3097",1.95050564470947
"3098",0.866884509040748
"3099",1.35273980395856
"3100",1.94178547431285
"3101",1.50776516972045
"3102",1.16802271434814
"3103",1.18730852717556
"3104",0.957155214233444
"3105",1.1240979701316
"3106",0.952467948866762
"3107",1.21594975342877
"3108",2.13678394084772
"3109",1.77351202132772
"3110",1.34234299954274
"3111",2.31689930124555
"3112",7.02383474727949
"3113",3.30709214481622
"3114",4.90074130844727
"3115",6.98117075190338
"3116",9.12725199145269
"3117",5.10547454529946
"3118",5.01210118993582
"3119",7.25505081887159
"3120",2.76340747738327
"3121",2.34389384088892
"3122",3.96813746989132
"3123",3.38401884910374
"3124",3.96768720109311
"3125",2.92053346830539
"3126",3.37482377791428
"3127",2.38424925110347
"3128",2.07535169449952
"3129",1.65110512511432
"3130",1.82172012780803
"3131",1.44567122797809
"3132",1.55318567261233
"3133",1.73023241474676
"3134",1.14028208629359
"3135",0.809210639165285
"3136",0.985069214581922
"3137",0.581788726209538
"3138",1.18367577285454
"3139",1.25314851778616
"3140",1.07426415920757
"3141",0.639507086275614
"3142",0.492046580093114
"3143",0.95084124348913
"3144",1.29968622513951
"3145",1.11517689465627
"3146",0.946277912050867
"3147",0.676712848938222
"3148",0.837119082165853
"3149",1.16944107416835
"3150",0.991509519655754
"3151",1.01714815299056
"3152",0.961633492605681
"3153",0.700408395159612
"3154",1.34383945104336
"3155",0.778441721257125
"3156",0.737943708533816
"3157",0.776576071353216
"3158",0.436706170962423
"3159",0.758869681675372
"3160",0.297874586752045
"3161",0.463285686776495
"3162",0.384652663426524
"3163",0.435593208952702
"3164",0.684728948185472
"3165",1.15458728630046
"3166",1.37380010205689
"3167",1.2734262145355
"3168",0.954605843960681
"3169",0.948203818315124
"3170",1.06702129198074
"3171",0.9071248327861
"3172",0.668864527830751
"3173",0.889921625431803
"3174",1.60272007642766
"3175",1.25464816556657
"3176",2.15992283803534
"3177",1.52055751097879
"3178",1.57185413389722
"3179",1.28668637950452
"3180",1.23248788027168
"3181",0.819249471061435
"3182",1.45352549739676
"3183",2.15843330250165
"3184",2.89493506230482
"3185",1.77288143550064
"3186",1.39719445742123
"3187",1.63608331441912
"3188",1.24368146673104
"3189",1.3821646929673
"3190",0.808871593835738
"3191",1.03657039834726
"3192",1.10855542651372
"3193",0.937807075247711
"3194",1.10988937422444
"3195",0.666562175716205
"3196",0.519009171532692
"3197",0.62977213930025
"3198",0.419290866294964
"3199",0.338408712580047
"3200",0.339171183709991
"3201",0.363109844332244
"3202",0.95441002143654
"3203",0.831414586282182
"3204",0.937493077655503
"3205",0.799690774849629
"3206",1.0458081189152
"3207",1.38463986732604
"3208",1.12427177132482
"3209",1.10878233277399
"3210",1.13749613906123
"3211",0.578892552810174
"3212",0.957101243071334
"3213",1.13732740458496
"3214",1.25614621099265
"3215",1.1989273024455
"3216",1.09460737383926
"3217",1.74268918338779
"3218",1.72107298046919
"3219",1.75425546175817
"3220",1.17347225642177
"3221",0.930168272026855
"3222",0.628534757812093
"3223",1.13888493257129
"3224",1.64375164261014
"3225",1.42612511973585
"3226",0.457451673191069
"3227",0.629214079791704
"3228",0.791141535257388
"3229",1.07884412601514
"3230",1.0673873181423
"3231",1.19584728236678
"3232",1.59890505499198
"3233",1.22726816778781
"3234",0.969894916216505
"3235",0.586391558013616
"3236",0.618497941163663
"3237",0.615314919221812
"3238",0.493956913281685
"3239",0.700992637645786
"3240",0.618654373945484
"3241",0.999979209923011
"3242",1.23160506762065
"3243",1.48629525137075
"3244",1.55755522002758
"3245",1.96433214752059
"3246",1.2848982095437
"3247",1.65536852271791
"3248",1.22231695353898
"3249",0.797805234022104
"3250",1.04631208999122
"3251",1.4419862444006
"3252",2.19545118544643
"3253",2.93900458237305
"3254",2.30455259356785
"3255",2.3041668224688
"3256",4.5953317058801
"3257",2.43160236371099
"3258",1.41508178569977
"3259",0.865273710485736
"3260",1.54643541994327
"3261",1.45853554912521
"3262",2.00221140474854
"3263",1.73652002686313
"3264",1.50095263460295
"3265",1.68139731274108
"3266",4.17450101084105
"3267",4.33831831414624
"3268",4.70284881174033
"3269",3.7608934957011
"3270",4.60712333740434
"3271",5.01475407937103
"3272",4.46988499784478
"3273",3.75174877192279
"3274",7.09227590954519
"3275",8.94033753373928
"3276",4.02769176757686
"3277",4.89052265104869
"3278",4.9262374523683
"3279",3.92760792913385
"3280",2.43357738358878
"3281",2.34735631990863
"3282",2.23702162143558
"3283",1.59399010677542
"3284",1.61263338834682
"3285",3.12640800904761
"3286",3.70980286524517
"3287",3.27603734228308
"3288",2.41312376615776
"3289",3.86039381039723
"3290",3.43184167264206
"3291",3.59455185896646
"3292",4.26493943251189
"3293",6.16952295552905
"3294",4.70772117479447
"3295",3.37755853389443
"3296",2.90144309058424
"3297",3.44798254591292
"3298",3.12743302654026
"3299",4.14159949901601
"3300",3.62852406155739
"3301",3.34994654796059
"3302",2.1111995703559
"3303",1.37545469238809
"3304",0.799464615998816
"3305",0.571732110603202
"3306",1.17483563689935
"3307",1.22303927443301
"3308",1.13443271822767
"3309",1.48888074995968
"3310",1.64534032505943
"3311",1.13943023910806
"3312",0.806315098885262
"3313",1.05544190953358
"3314",0.742617368971264
"3315",0.60885583944528
"3316",0.534482679553587
"3317",0.630567932783402
"3318",0.756641124412877
"3319",0.452128792533483
"3320",1.02011079819919
"3321",1.72676074311027
"3322",1.35300411641787
"3323",1.29842206039705
"3324",1.45055375420615
"3325",1.46225441129106
"3326",3.34963926178092
"3327",2.8095539385955
"3328",3.20850808743107
"3329",2.63305299929083
"3330",2.75456287569466
"3331",3.09372792671494
"3332",2.6889015387327
"3333",1.58335123566887
"3334",1.89607236979522
"3335",3.38392463185831
"3336",2.50144971479894
"3337",2.77823249777778
"3338",5.29972295800966
"3339",3.01507909398106
"3340",2.78751910715884
"3341",1.52934634735156
"3342",0.805101899160634
"3343",1.57979721534864
"3344",2.21983706158873
"3345",3.12845281836615
"3346",3.44072908551935
"3347",4.78509298688688
"3348",1.84329759754801
"3349",3.0100106743778
"3350",4.57023444597766
"3351",3.07866999705397
"3352",2.6977961444849
"3353",2.68907140092565
"3354",1.62222429757025
"3355",3.00424133221472
"3356",3.91950782835579
"3357",4.22716088786016
"3358",2.9959437998312
"3359",2.94291312140105
"3360",2.16652750425992
"3361",1.86386349859888
"3362",1.74945409267373
"3363",2.16572947604728
"3364",1.67627125274143
"3365",1.64867335783115
"3366",0.976624210938723
"3367",1.29312434816368
"3368",1.91046395838447
"3369",1.68844494583696
"3370",0.907403504013446
"3371",1.72800097293884
"3372",1.18191362746294
"3373",0.800141398735818
"3374",0.570347113097526
"3375",0.738580202228453
"3376",0.537042481369168
"3377",0.574533995486794
"3378",0.960764828937207
"3379",0.80426323507398
"3380",1.03596254975596
"3381",0.913869820804247
"3382",0.772913230103399
"3383",0.613737350841984
"3384",0.798882119639189
"3385",0.952375719648372
"3386",0.448835670928513
"3387",0.560968076303133
"3388",0.666247630091506
"3389",0.264983939103915
"3390",0.339740207341359
"3391",0.313590515746222
"3392",0.581860138327145
"3393",0.571524697621519
"3394",1.01001012023124
"3395",0.604693228175736
"3396",1.59066778776765
"3397",1.19988174878643
"3398",0.767863002742687
"3399",0.683739468114118
"3400",0.574838428140487
"3401",0.361850623542718
"3402",0.290130837443766
"3403",0.548009953773318
"3404",0.384400316787434
"3405",0.668200733442024
"3406",0.496885942307331
"3407",0.568355669899142
"3408",0.711586020405493
"3409",0.555067959582555
"3410",0.487790564535028
"3411",0.434411685327502
"3412",0.445678176881618
"3413",0.418626032202269
"3414",0.426857780443545
"3415",0.261244411343938
"3416",0.426348666031993
"3417",0.469072231543152
"3418",0.396454896816298
"3419",0.368793128497679
"3420",0.522970529951608
"3421",0.574095843762435
"3422",0.606119984977614
"3423",0.348322958011572
"3424",0.394951727137838
"3425",0.179087085229026
"3426",0.216300540935123
"3427",0.413791150215513
"3428",0.382348278094022
"3429",0.595620894709967
"3430",1.02719548534417
"3431",0.745625510525074
"3432",0.703401524208364
"3433",0.625596033016111
"3434",0.709281184151847
"3435",0.993408910182182
"3436",1.53080514022497
"3437",3.67114881926073
"3438",3.20661200591514
"3439",2.89504845720496
"3440",2.25844157025586
"3441",2.54064543680016
"3442",1.90447189153376
"3443",1.77371198816962
"3444",1.73524655324049
"3445",1.06124401590429
"3446",0.596572908540366
"3447",0.347393880037465
"3448",0.787254378985248
"3449",1.72139530269918
"3450",4.38505337910692
"3451",2.76381988542087
"3452",3.82915522346883
"3453",2.28591238103407
"3454",2.80436239741395
"3455",1.32575486194672
"3456",0.750930982025499
"3457",0.953096920026451
"3458",0.825498475685355
"3459",0.82033844943701
"3460",0.76277112732161
"3461",0.692292765488138
"3462",0.506069099816279
"3463",0.602988013105634
"3464",0.336828500201296
"3465",0.37507692036878
"3466",0.398276717780101
"3467",0.241703719242169
"3468",0.15595255079631
"3469",0.22641661306086
"3470",0.325525619665599
"3471",0.428681100496581
"3472",0.651934571618334
"3473",0.597367403316535
"3474",0.596427278635077
"3475",0.275042901666404
"3476",0.42908386987338
"3477",0.376686908668853
"3478",0.838263077725824
"3479",0.970197705611387
"3480",0.526929387711599
"3481",0.439673509865781
"3482",0.357862561331673
"3483",0.272821043198854
"3484",0.719609529248526
"3485",0.984236157198397
"3486",0.82163612391522
"3487",0.678741658553654
"3488",0.803150230995429
"3489",0.433304205043649
"3490",0.862849932093588
"3491",0.94652964563848
"3492",0.723095851457451
"3493",0.859151149100106
"3494",0.847944180096717
"3495",0.498460015761304
"3496",0.375343732318461
"3497",0.718481196672387
"3498",0.539939747479346
"3499",0.722434195263144
"3500",0.737203658389976
"3501",0.578408772886759
"3502",0.423408224196047
"3503",0.445641745379744
"3504",0.943519912165237
"3505",1.48576969150115
"3506",0.879482685794757
"3507",0.646734851978366
"3508",1.10641338993399
"3509",1.40946830794375
"3510",1.20092148725674
"3511",2.2868693444839
"3512",2.82365527551306
"3513",2.35090274196091
"3514",1.41654581027976
"3515",1.0775165312059
"3516",0.906158205355121
"3517",1.43260323658358
"3518",1.51487688723432
"3519",1.48546699675049
"3520",0.822282086106657
"3521",0.431560187452884
"3522",0.490829172670418
"3523",0.460287067322884
"3524",0.64325380094843
"3525",1.29369949716236
"3526",1.70093946076381
"3527",1.79577064515972
"3528",1.68578364715791
"3529",1.63329115222164
"3530",3.02571297202079
"3531",2.59661545645844
"3532",1.52382512919676
"3533",2.78902088703584
"3534",1.7389326681384
"3535",1.62553333659988
"3536",1.8389440412598
"3537",1.60584472565127
"3538",2.11058878263681
"3539",1.90490329781784
"3540",3.02161357576608
"3541",5.39333549186769
"3542",3.15344320761766
"3543",4.11590292575489
"3544",3.40679154276381
"3545",2.13584824187806
"3546",2.13737946702265
"3547",3.10390511627069
"3548",1.73390204804197
"3549",2.0722930409046
"3550",2.10422863403467
"3551",2.52627917063221
"3552",3.22495798994762
"3553",2.82000271890872
"3554",1.80081074444894
"3555",1.61655599175707
"3556",1.52046203664311
"3557",1.23267002328484
"3558",2.82322814704566
"3559",3.05467682160659
"3560",2.1158194974553
"3561",2.8607294479623
"3562",1.95456092704315
"3563",2.02911662685433
"3564",1.19314309127074
"3565",0.848059446595785
"3566",0.570664664772623
"3567",0.652355998911651
"3568",0.491050428303737
"3569",0.840609203522136
"3570",0.59053591782001
"3571",0.675138209102807
"3572",1.1722552104292
"3573",0.612707347414685
"3574",1.50613522104867
"3575",1.20374716611179
"3576",1.12559879757816
"3577",1.1857174607465
"3578",1.341252144122
"3579",1.33472207655329
"3580",1.44175977123822
"3581",1.29519235505121
"3582",0.653306025877329
"3583",0.456228723247296
"3584",0.329098510527112
"3585",0.351403654026555
"3586",0.296352520546291
"3587",0.401445444226399
"3588",0.511148265754038
"3589",0.477807196584942
"3590",0.763720842145746
"3591",0.310059194113214
"3592",0.278800841825761
"3593",0.632866096378225
"3594",0.41576972351943
"3595",0.657820501718161
"3596",0.940072940857918
"3597",0.75730624894063
"3598",0.964270157309913
"3599",0.74955729063675
"3600",0.551130188528118
"3601",1.0905539321369
"3602",1.01632191068991
"3603",0.634588884763172
"3604",0.755441805775778
"3605",0.497850481650798
"3606",0.870364123196861
"3607",0.847120836721548
"3608",0.819631902421576
"3609",0.828002823516127
"3610",0.553930496234328
"3611",0.652185566658644
"3612",0.705526972613431
"3613",1.12863381905803
"3614",1.29905588454976
"3615",0.839713345608552
"3616",0.555873620388603
"3617",0.867614266813009
"3618",0.432635704692321
"3619",1.20835628987444
"3620",1.47519122254693
"3621",2.61091326948379
"3622",2.43079084196354
"3623",3.53010721491142
"3624",3.64314644835603
"3625",2.38452085165155
"3626",2.5975592429147
"3627",2.97424856344765
"3628",3.07843609911304
"3629",2.56373753899467
"3630",2.95262388261058
"3631",4.43702039970251
"3632",2.73707814437036
"3633",1.57729293425437
"3634",1.7890069759957
"3635",2.39605013153367
"3636",1.58949132970462
"3637",1.26958029611834
"3638",1.34161283071187
"3639",2.08716577360802
"3640",3.50555315312463
"3641",2.8806724827287
"3642",1.95348768176359
"3643",1.95738221079286
"3644",2.4547310087107
"3645",3.10912561841042
"3646",3.48250240398403
"3647",3.34899454815134
"3648",5.68358247551585
"3649",5.56260409853266
"3650",3.43076918118619
"3651",4.71640279354439
"3652",4.28436664275764
"3653",3.69979386809774
"3654",2.5122324982452
"3655",4.02683942248784
"3656",3.09151481764788
"3657",3.45371025866221
"3658",5.84353393708202
"3659",8.63171430606744
"3660",13.5978639176706
"3661",13.7215037721993
"3662",6.64313839295594
"3663",6.33150040897198
"3664",5.88057149227115
"3665",5.91163141531922
"3666",4.4138258413653
"3667",5.05590581762312
"3668",6.16907511910005
"3669",4.1848435447852
"3670",4.85161608742258
"3671",3.33908043500861
"3672",3.09036633715182
"3673",2.35126193402636
"3674",1.75983890871122
"3675",2.19771384345768
"3676",1.53534083660642
"3677",1.26658337193539
"3678",1.47727242169946
"3679",1.09399797226772
"3680",1.28482566247813
"3681",1.83676913353498
"3682",1.59643751871797
"3683",1.30724575073673
"3684",1.35349020453942
"3685",1.12607555102932
"3686",0.536313341506672
"3687",0.508715804405931
"3688",0.32697174223307
"3689",0.328081836478514
"3690",0.418359464905497
"3691",0.53845782754804
"3692",0.538909459455546
"3693",0.579273733722708
"3694",0.475464779020095
"3695",0.246270024357579
"3696",0.428060830994705
"3697",0.195536113243816
"3698",0.33995267898757
"3699",0.226571756430172
"3700",0.256489544994262
"3701",0.25054503202517
"3702",0.46391776244887
"3703",0.529023277913886
"3704",0.588208334043916
"3705",0.661617415171158
"3706",1.00194118502458
"3707",0.810470413369986
"3708",2.05017754091645
"3709",3.4252583915083
"3710",3.65383502825818
"3711",2.04593305648545
"3712",1.38129493814144
"3713",2.25614379663144
"3714",1.80390054156623
"3715",1.85519794419406
"3716",1.80169051209388
"3717",3.37432620541284
"3718",1.34239793684214
"3719",0.961808284394215
"3720",0.715132821092165
"3721",0.364330738234795
"3722",0.237577083377787
"3723",0.408077767961957
"3724",0.33889825439108
"3725",0.234419514889792
"3726",0.254847275409022
"3727",0.223559433311679
"3728",0.353055774102197
"3729",0.690902135387349
"3730",0.758147700435024
"3731",0.564133073826092
"3732",0.473194735241974
"3733",0.549939066962238
"3734",1.0084880994452
"3735",0.904071471659616
"3736",0.925599252257628
"3737",1.37322275063437
"3738",2.79995553142723
"3739",4.01910229312158
"3740",4.07479383496047
"3741",6.46428078650881
"3742",3.37904075356197
"3743",3.44225430024967
"3744",2.47757442334198
"3745",2.6629503830721
"3746",3.45938337415089
"3747",2.87716000126254
"3748",2.66113002875744
"3749",3.81847700873805
"3750",6.23767528735589
"3751",9.40901093980701
"3752",15.2347614205039
"3753",14.554241655549
"3754",12.3226318099997
"3755",9.02191526720691
"3756",6.63894917865478
"3757",3.06234019491819
"3758",2.63509546053752
"3759",1.993488349779
"3760",2.26207917423285
"3761",2.53881115950025
"3762",2.04622300413174
"3763",3.15479906938111
"3764",2.60310755470216
"3765",3.50519217076542
"3766",2.43642445822646
"3767",2.23477028406313
"3768",2.03414042742816
"3769",2.23326426738989
"3770",2.17967715870704
"3771",1.74603989309488
"3772",2.22494656917197
"3773",1.59056535778345
"3774",1.94535899636866
"3775",1.8043383979656
"3776",1.32768740706011
"3777",1.31045583327835
"3778",1.26144536598025
"3779",0.498020221491139
"3780",0.660194305154036
"3781",0.984472790042355
"3782",1.79214230141476
"3783",1.20395387701059
"3784",1.2826296671852
"3785",2.0308293717816
"3786",2.11199414159114
"3787",1.80044041227278
"3788",1.69296487610706
"3789",1.47495037099212
"3790",1.04631249496728
"3791",2.24274696538003
"3792",1.59199427800176
"3793",1.85426966274888
"3794",1.3806872284153
"3795",2.50261123895284
"3796",1.95960964690879
"3797",2.74835679128287
"3798",2.76286422398659
"3799",1.97301910844161
"3800",1.23478671472642
"3801",0.981970090023996
"3802",1.4159628793046
"3803",0.842852925390075
"3804",1.13825424807877
"3805",1.1529546796891
"3806",0.937762634971348
"3807",0.840973402937467
"3808",1.28365027819877
"3809",0.676951308751595
"3810",0.799359911191442
"3811",0.727031274468578
"3812",0.387512055551699
"3813",0.354533415131507
"3814",0.364699181296614
"3815",0.598086519038743
"3816",0.390624269963508
"3817",0.424190463626518
"3818",0.855262705474769
"3819",0.71770423770082
"3820",0.508863858712233
"3821",0.309232709283246
"3822",0.221099178022423
"3823",0.450964271791975
"3824",0.565938212560004
"3825",0.362912560752949
"3826",0.560723309755974
"3827",0.695455131389755
"3828",1.77747809212978
"3829",1.17919941674769
"3830",1.35797498945842
"3831",2.69823397622298
"3832",1.05977441706279
"3833",0.774132750533551
"3834",0.673246958047204
"3835",0.954230190078055
"3836",0.818364539967359
"3837",0.468038141934291
"3838",0.434520150112025
"3839",0.366519751449911
"3840",0.323697356715009
"3841",0.667016895845559
"3842",0.315405311651658
"3843",0.281457591312237
"3844",0.266382881672018
"3845",0.30464235583214
"3846",0.290608706701098
"3847",0.459008912406819
"3848",0.744720446644558
"3849",0.510309541317934
"3850",0.808596327087056
"3851",1.04148916565024
"3852",0.907571108812505
"3853",1.16764572459832
"3854",0.797671796745453
"3855",1.35067548462026
"3856",1.66634775560761
"3857",1.37356973727021
"3858",1.67245746077013
"3859",1.47184339649903
"3860",1.03603982839605
"3861",0.534236292793779
"3862",0.576244470418922
"3863",1.10781566111654
"3864",0.821764727786517
"3865",0.718795068607612
"3866",1.19611823710871
"3867",0.940149459156769
"3868",1.79159273784424
"3869",4.00689906408724
"3870",4.38463216730773
"3871",7.66915915723831
"3872",9.23337593386987
"3873",6.21320330302683
"3874",5.74337899044334
"3875",6.16181921979681
"3876",4.9594571107467
"3877",7.56456662131554
"3878",7.64400262382677
"3879",8.79740956759694
"3880",8.90618224339701
"3881",13.4779954024733
"3882",11.5120896651122
"3883",9.68332352659134
"3884",3.32897488354168
"3885",5.06716920521209
"3886",9.05810026965885
"3887",9.13920335396407
"3888",12.8805212306914
"3889",9.55683545523303
"3890",11.055536314153
"3891",7.43593625956957
"3892",4.28844439469894
"3893",6.04573107931998
"3894",13.1456552332213
"3895",15.4431395790721
"3896",8.28061994101839
"3897",11.3870947952916
"3898",7.53791573019714
"3899",11.2521611404968
"3900",6.78096430205458
"3901",5.80055809776555
"3902",3.60082334487958
"3903",2.66167432335093
"3904",1.84662384802421
"3905",2.34503826943153
"3906",2.12432209334775
"3907",2.09983661665387
"3908",1.8683657893003
"3909",2.88318554488795
"3910",2.04094184913769
"3911",2.48522135735811
"3912",1.788942259731
"3913",1.41845731974751
"3914",2.09537197124282
"3915",2.13451635848153
"3916",1.77172911647848
"3917",1.90603333945109
"3918",1.49332067526662
"3919",1.35843000660612
"3920",2.03362270973978
"3921",1.5906287762027
"3922",1.34834027821603
"3923",1.56371696820343
"3924",2.30623302261242
"3925",2.10937989070376
"3926",1.75396356406909
"3927",2.62277291163097
"3928",7.45807187486157
"3929",3.63991830497506
"3930",2.35260818215114
"3931",4.00883922137668
"3932",5.75286402181724
"3933",6.12736379104201
"3934",3.50117115284347
"3935",4.64691966342687
"3936",3.34483443548565
"3937",3.82985174541759
"3938",2.862172145988
"3939",3.55660945302871
"3940",3.44093631269019
"3941",2.51498621897093
"3942",2.01180527712849
"3943",0.693981331478279
"3944",0.837303284739911
"3945",1.02463985441061
"3946",1.96877612945589
"3947",2.00787631502026
"3948",2.86883539786218
"3949",2.02598141701579
"3950",1.25632150321532
"3951",1.21958522283838
"3952",0.831442858669869
"3953",1.24834440935933
"3954",0.71469061309857
"3955",0.360156774261993
"3956",0.238971132441235
"3957",0.457114387326333
"3958",0.333386080861334
"3959",0.404929773743768
"3960",0.297823149797946
"3961",0.485972342654606
"3962",0.57858121021609
"3963",0.431884252263985
"3964",0.694604547113673
"3965",0.721230587312796
"3966",0.516839319808368
"3967",0.461969792218695
"3968",0.715057404796529
"3969",0.554705009123724
"3970",0.509441580987148
"3971",0.664267259888179
"3972",0.78476332622676
"3973",1.01811530451381
"3974",0.866312085611576
"3975",0.687301489271246
"3976",0.363695867107794
"3977",0.137782111963606
"3978",0.114018146849246
"3979",0.236183262755279
"3980",0.390425159786349
"3981",0.198893032983109
"3982",0.214268944277262
"3983",0.352047665160247
"3984",0.574206396535211
"3985",0.525063132396793
"3986",0.780260768567681
"3987",0.775186186557345
"3988",0.483217003247076
"3989",0.330677024739884
"3990",0.381361822431825
"3991",0.298343170495957
"3992",0.323163289351206
"3993",0.361941573998778
"3994",0.534402403049882
"3995",0.406358841439895
"3996",0.316002448875618
"3997",0.379571459844424
"3998",0.268325965200259
"3999",0.270618645869424
"4000",0.281475359170824
"4001",0.427767212624082
"4002",0.547644745258392
"4003",0.401696512822714
"4004",0.289026863574901
"4005",0.208512562798176
"4006",0.140724402913888
"4007",0.256154350930562
"4008",0.175436126320149
"4009",0.178749868473176
"4010",0.189950996721808
"4011",0.183907217374663
"4012",0.106370189076427
"4013",0.141057483867608
"4014",0.130719509492925
"4015",0.182326105595362
"4016",0.143016457507437
"4017",0.21332394926408
"4018",0.267039774624478
"4019",0.350886609371386
"4020",0.238211809712725
"4021",0.42618208391383
"4022",0.422949605450217
"4023",1.35781314777505
"4024",1.21885192392533
"4025",1.00581463235742
"4026",1.47010302101224
"4027",1.57200427005566
"4028",1.87857513948437
"4029",1.63637207880095
"4030",1.28468155691224
"4031",1.67205747516611
"4032",1.89455749111568
"4033",1.48627240663152
"4034",1.30243500963315
"4035",1.82615472288669
"4036",1.9728076366633
"4037",2.40101320441053
"4038",2.18439321141703
"4039",2.21800272122101
"4040",1.73020467551964
"4041",1.85146058644541
"4042",1.56912680246514
"4043",1.36342263821577
"4044",2.06258464651571
"4045",1.42432871612721
"4046",1.01758504206156
"4047",1.41046708740926
"4048",1.97675137674347
"4049",1.99163208692879
"4050",2.0118597910308
"4051",1.41768796015793
"4052",0.980538590583752
"4053",1.13870149544533
"4054",0.743163500703974
"4055",0.622922329724676
"4056",0.848342838757422
"4057",0.63405417223087
"4058",0.840688868715574
"4059",1.11557362076511
"4060",0.850616810676095
"4061",1.15145073311222
"4062",1.32436866998797
"4063",0.690197664133108
"4064",0.447990892946652
"4065",0.420933981432872
"4066",0.362152539327555
"4067",0.195440366906376
"4068",0.296500289020189
"4069",0.283167661538606
"4070",0.491158473713187
"4071",0.632097989637508
"4072",0.996979007501911
"4073",0.856182590822159
"4074",0.775522239798956
"4075",0.78929817695766
"4076",0.576169008065722
"4077",0.729269403988205
"4078",1.2687492672766
"4079",0.739529815465929
"4080",0.662644443128909
"4081",0.656119648450712
"4082",0.602902148451834
"4083",1.66001847622651
"4084",1.78326564984634
"4085",2.28329442569552
"4086",1.30179434666233
"4087",1.12250678985685
"4088",1.87312090818051
"4089",0.747920549325953
"4090",0.805830855859889
"4091",0.709834623861402
"4092",0.455535838423448
"4093",1.07525231706935
"4094",1.82581804519918
"4095",2.35959485127489
"4096",4.12062689903457
"4097",3.88881433070008
"4098",4.41349183580445
"4099",3.3084320930494
"4100",4.09893002010649
"4101",5.41137769579816
"4102",4.15118373693642
"4103",2.16241043603057
"4104",3.28385826701889
"4105",3.09147512757003
"4106",2.45177514006075
"4107",2.41710080139164
"4108",2.70938441138676
"4109",3.76355475807968
"4110",3.07302366429272
"4111",3.69048807017442
"4112",3.20180163429406
"4113",3.06927423877868
"4114",3.70511274513383
"4115",6.44282307880674
"4116",6.29636299365783
"4117",7.28043745358405
"4118",9.85057823104748
"4119",7.54689977495028
"4120",11.4595822019261
"4121",10.5577023967814
"4122",13.6949227509066
"4123",10.7425332136387
"4124",9.83172230960739
"4125",6.37952284861438
"4126",5.53041806079661
"4127",8.52901761627109
"4128",8.73909801903088
"4129",8.44936401168392
"4130",6.96157041417042
"4131",5.38727682527602
"4132",6.71035536592833
"4133",3.88389338165242
"4134",4.03533058858003
"4135",6.2663922301664
"4136",7.53744226255504
"4137",4.36203069957008
"4138",4.94518120242306
"4139",2.671839959098
"4140",2.04651032385355
"4141",3.62481838343767
"4142",3.21748063342085
"4143",4.69236661882193
"4144",3.5537331746855
"4145",3.34144796482171
"4146",3.07135718951091
"4147",5.41187922034076
"4148",5.73720111770111
"4149",5.06817640084667
"4150",6.14530129660102
"4151",7.58805816123206
"4152",6.99534317849866
"4153",5.04121488073165
"4154",2.11422274794531
"4155",1.95003515438294
"4156",1.3840751111965
"4157",1.98749464000947
"4158",2.54074502741266
"4159",1.83426235121307
"4160",2.50052512724711
"4161",1.59949681554822
"4162",1.87192717138724
"4163",2.00970804174155
"4164",1.4811058191853
"4165",1.07579127622602
"4166",1.36770403964969
"4167",1.06021332475306
"4168",2.3730403080245
"4169",2.03506018717106
"4170",1.73009794547272
"4171",3.37187022478134
"4172",1.60683818756478
"4173",1.7706589584003
"4174",1.70597481687556
"4175",2.98340897393759
"4176",2.667597603442
"4177",5.02619342910494
"4178",5.20209872191635
"4179",6.73918592039324
"4180",5.09365328880953
"4181",4.62413057106646
"4182",3.03369586714315
"4183",4.75419958023519
"4184",3.21795945515407
"4185",3.49579632646594
"4186",3.13375047704937
"4187",2.46953237873522
"4188",1.90782431180286
"4189",3.68088447993837
"4190",3.41934470687089
"4191",2.85331418993165
"4192",2.59865234508365
"4193",1.95616231848705
"4194",2.4245204540829
"4195",2.16903692579762
"4196",2.70831261383433
"4197",2.2341302173576
"4198",1.83528194875057
"4199",1.30153542414732
"4200",1.06499937552967
"4201",0.625325935746982
"4202",0.730669239817408
"4203",0.638219372779487
"4204",0.795550687432251
"4205",0.501810382884812
"4206",0.838308859033108
"4207",0.764512818997425
"4208",0.613049508522712
"4209",0.280806741357522
"4210",0.374034815631399
"4211",0.366517481773755
"4212",0.664883841498544
"4213",0.48465358912316
"4214",0.373027728081704
"4215",0.573325870202921
"4216",0.548095396181006
"4217",0.507727344353742
"4218",0.382421758239369
"4219",0.383192735291462
"4220",0.374950657364282
"4221",0.342835489095595
"4222",0.281463772195469
"4223",0.285024907806872
"4224",0.216163803482388
"4225",0.274351921274609
"4226",0.743911605877379
"4227",1.2375915323493
"4228",1.95451874557301
"4229",1.73357794279778
"4230",1.34587206074364
"4231",1.39203253817607
"4232",0.681867508433743
"4233",0.427390907478539
"4234",0.394205195108994
"4235",0.506872176296844
"4236",0.678190001210939
"4237",0.280027199142546
"4238",0.34616042730385
"4239",0.653326851044509
"4240",0.976064592276278
"4241",0.83161036745384
"4242",0.612389768916407
"4243",0.424379606762232
"4244",0.442409193138056
"4245",0.432206103642022
"4246",0.252356496389578
"4247",0.213036369881857
"4248",0.21164786514821
"4249",0.193118242678768
"4250",0.291104598048375
"4251",0.369574473201871
"4252",0.463968401750427
"4253",0.460732652418301
"4254",0.371515527382931
"4255",0.33425443748016
"4256",0.454247323216535
"4257",0.799162197785666
"4258",0.501414186091717
"4259",0.567428643844462
"4260",0.171165357687332
"4261",0.230672539041159
"4262",0.238557620030408
"4263",0.17828513556861
"4264",0.24048930620176
"4265",0.376224551578229
"4266",0.420794718567417
"4267",0.314340739509806
"4268",0.463017428888992
"4269",0.318536922774537
"4270",0.472496432270538
"4271",0.58668091011839
"4272",0.644582020192556
"4273",0.860861858109571
"4274",1.7847118556003
"4275",2.38863314176004
"4276",4.13763023269508
"4277",4.05156271083518
"4278",6.00659127184738
"4279",5.04566073917966
"4280",3.59998010989141
"4281",2.82964664816345
"4282",3.28101638389651
"4283",2.53455259488802
"4284",1.81379343337847
"4285",1.90407200815772
"4286",2.00169256773289
"4287",2.4739614573985
"4288",3.39119003857943
"4289",3.0952835613703
"4290",1.07233128041913
"4291",0.543906098465434
"4292",0.860093889329117
"4293",0.594751580433598
"4294",0.825920311867913
"4295",1.08481825774882
"4296",1.5935481418703
"4297",1.07604482996351
"4298",0.386466403784715
"4299",0.324690966114017
"4300",0.256236067508253
"4301",0.305484941615701
"4302",0.689925313826327
"4303",1.73501865042694
"4304",0.821639018018572
"4305",0.775324936893739
"4306",0.597317435666009
"4307",0.818130155905865
"4308",0.665807058362222
"4309",1.13379105349719
"4310",1.15563199560031
"4311",0.878989434515203
"4312",1.06796544383809
"4313",1.26338890092842
"4314",1.57744029193255
"4315",3.05908200115662
"4316",2.40328946329074
"4317",2.60640729676867
"4318",3.51498739159842
"4319",3.64495743139693
"4320",2.29647873838394
"4321",2.59285918038526
"4322",2.33245514981109
"4323",2.07795251927231
"4324",1.44569474454454
"4325",1.86647762267597
"4326",0.978946014768908
"4327",0.829327862300531
"4328",1.84023957314958
"4329",0.923482476270546
"4330",1.1068557671668
"4331",0.664460547468658
"4332",0.983832891264839
"4333",2.20101794927047
"4334",1.85607938096238
"4335",2.1002702104424
"4336",2.62409220194205
"4337",2.9649505758468
"4338",1.90091679355246
"4339",1.09999890967193
"4340",1.28147516254963
"4341",1.03076971792663
"4342",1.65304299298236
"4343",1.19059880186602
"4344",1.18226639084265
"4345",0.807965900458923
"4346",1.00223721468566
"4347",1.13575948090727
"4348",2.07207716571213
"4349",1.5945472740223
"4350",1.48212298294288
"4351",1.62179190101742
"4352",1.07298516513154
"4353",1.46832606083819
"4354",2.19507180723043
"4355",2.79849201026997
"4356",4.49887461679531
"4357",5.04260574582976
"4358",4.54736890628376
"4359",5.41920390516136
"4360",7.2904252401164
"4361",15.4641773032487
"4362",7.25602677432899
"4363",12.1321184225493
"4364",11.7462118207084
"4365",5.44563702822224
"4366",5.45415060200265
"4367",3.96159716571927
"4368",2.56976512023134
"4369",4.52188304175922
"4370",5.72959367445126
"4371",3.75316720431279
"4372",1.75630517506281
"4373",2.08734446545514
"4374",2.39600333195775
"4375",2.52267030399754
"4376",2.36002596439988
"4377",1.92845855137008
"4378",1.01137715775991
"4379",1.45012677207889
"4380",1.17013255021294
"4381",1.56210230656109
"4382",2.30191336988535
"4383",1.80141168194625
"4384",2.2848685584987
"4385",2.76289962645874
"4386",1.46770489023525
"4387",0.964147477809302
"4388",1.63335346750028
"4389",0.883087536498088
"4390",2.69529500825878
"4391",1.6340912708255
"4392",3.42016739798692
"4393",3.53862131339064
"4394",3.04902081203029
"4395",3.77129319683371
"4396",2.99194845923587
"4397",2.97294863944468
"4398",1.71503809508991
"4399",1.51767903522704
"4400",2.01137694303469
"4401",2.25097742091854
"4402",1.53432330627304
"4403",2.810327256762
"4404",3.05687247907546
"4405",1.58889577236428
"4406",1.50240266932663
"4407",2.11686350626722
"4408",1.42135104502961
"4409",1.53000268978322
"4410",2.04265212299632
"4411",1.20956559883458
"4412",1.49950066881919
"4413",2.02722983988189
"4414",1.73448979154686
"4415",1.53538593123813
"4416",1.09087002402681
"4417",0.456825491772262
"4418",0.461149763868356
"4419",0.648749997251329
"4420",1.40008467106341
"4421",0.795847376909478
"4422",0.53193791423721
"4423",0.570183677057857
"4424",0.414703088818075
"4425",0.206842299846902
"4426",0.425682194800046
"4427",0.309341284660402
"4428",0.213633566644569
"4429",0.141747318579438
"4430",0.273830458185375
"4431",0.246532761555707
"4432",0.411573853736211
"4433",0.266905092970889
"4434",0.31184159939976
"4435",0.237782564741474
"4436",0.316775913684981
"4437",0.387297530148243
"4438",0.305599346777504
"4439",0.37687677035881
"4440",0.260101551700714
"4441",0.535823367615284
"4442",0.449719670215206
"4443",0.347020172385686
"4444",0.393924776955628
"4445",0.265728686512719
"4446",0.306631748888514
"4447",0.406095963810751
"4448",0.450279573836435
"4449",0.806091050570653
"4450",0.815313676225551
"4451",0.668206339252209
"4452",0.638508305425509
"4453",0.633007056303617
"4454",0.820033680567091
"4455",0.827336828356899
"4456",0.865663207901884
"4457",0.721969021910662
"4458",0.880206268571731
"4459",0.862173581758466
"4460",0.66663049504298
"4461",0.689065014973645
"4462",0.87321722011732
"4463",0.988997745278443
"4464",0.404462306234283
"4465",1.35183342921748
"4466",1.21058620546041
"4467",0.884027270437002
"4468",0.660372902297296
"4469",0.852785406963384
"4470",0.950806175732839
"4471",1.62883836103297
"4472",1.47751283373865
"4473",0.730325239662691
"4474",0.75218211871476
"4475",0.735296378023162
"4476",0.657860953125485
"4477",1.09527121574134
"4478",1.20813365147165
"4479",0.962154597925313
"4480",1.07395934629554
"4481",1.17707112234595
"4482",1.31418847917727
"4483",2.63515408119612
"4484",1.36683231506708
"4485",2.6465600944698
"4486",2.77537196047922
"4487",2.83094135141499
"4488",2.09549403743763
"4489",1.23124366059151
"4490",0.896071971895748
"4491",1.23917066133238
"4492",1.23906949267364
"4493",0.561549068750603
"4494",1.06688496448958
"4495",0.607967902491969
"4496",0.47698478651695
"4497",0.579071409274581
"4498",0.626755657050228
"4499",0.626160705155174
"4500",1.3202899286677
"4501",1.97257392337795
"4502",1.36578976693213
"4503",1.59156626470581
"4504",1.27695974960019
"4505",0.758350147909016
"4506",0.837659960642661
"4507",0.7102357089263
"4508",0.795156261652001
"4509",1.49649724421549
"4510",1.5164704837968
"4511",1.41305941383014
"4512",2.69091258384937
"4513",2.29044466892556
"4514",4.43828704803922
"4515",3.63561094519691
"4516",5.81231776687329
"4517",9.47040559319493
"4518",11.3856509673518
"4519",10.7442495359805
"4520",8.60345679584815
"4521",7.96506884312676
"4522",4.5519348909978
"4523",4.35918937645943
"4524",6.95407307748803
"4525",4.68200252046167
"4526",2.49912032333188
"4527",1.28199591668794
"4528",0.667723422868999
"4529",0.418312055954564
"4530",0.328289116893478
"4531",0.23378096484601
"4532",0.563261040853322
"4533",0.518160166179562
"4534",0.636409413010255
"4535",0.618593890154305
"4536",0.959056858026555
"4537",0.888843394745349
"4538",1.36762513042255
"4539",2.00857438042841
"4540",2.0950659963639
"4541",4.13512567212162
"4542",2.9345349010913
"4543",4.78274679542203
"4544",8.16105623857174
"4545",6.7901217137491
"4546",5.02285717751251
"4547",5.99583918871737
"4548",3.48556956516028
"4549",2.14615404627002
"4550",2.1577685933718
"4551",1.40887148895714
"4552",1.05052424460622
"4553",0.640885086474214
"4554",0.880289500314872
"4555",1.87974841449277
"4556",2.04609191051818
"4557",4.58436390055125
"4558",2.66902937221881
"4559",2.93796116863184
"4560",2.16415969185059
"4561",1.8111158251357
"4562",2.85529873044109
"4563",4.10004779490344
"4564",2.37978781504992
"4565",1.90323356414537
"4566",2.24053865791075
"4567",3.18056834696621
"4568",4.96313954515493
"4569",3.81956509251491
"4570",2.37106313030515
"4571",1.81717030979845
"4572",1.84667391654191
"4573",1.61862314813983
"4574",0.956282451468678
"4575",1.40644030118937
"4576",1.62826318044097
"4577",2.40015736748518
"4578",2.86299725848135
"4579",2.92420980310538
"4580",2.05096308418674
"4581",2.56102703981834
"4582",2.49993910887406
"4583",2.17379134831067
"4584",1.9281985496606
"4585",1.37427736237684
"4586",1.85435323389882
"4587",2.96850430121283
"4588",1.99659435633098
"4589",1.64656072066561
"4590",1.74369065648406
"4591",1.86717979838993
"4592",1.36146624818998
"4593",1.77141292039595
"4594",1.52842997598536
"4595",1.29645942063955
"4596",2.223810249547
"4597",2.42569949170011
"4598",1.77398500481503
"4599",1.69121667665818
"4600",1.4929735598087
"4601",1.10020928053224
"4602",0.551254424936669
"4603",0.808799319900065
"4604",0.849744906359044
"4605",0.610687738914879
"4606",0.794815755478409
"4607",1.07512497281667
"4608",0.956927204078927
"4609",1.03759930880389
"4610",0.909940210241853
"4611",0.389795715349426
"4612",0.582296713143542
"4613",0.762491281987598
"4614",0.460118403842859
"4615",0.557012632058384
"4616",0.432598901992766
"4617",0.584769434050544
"4618",0.589052314384817
"4619",0.451012490954447
"4620",0.65057675759591
"4621",0.715628591488974
"4622",1.04623377449602
"4623",1.73123809554539
"4624",1.18407976670432
"4625",3.72355160702424
"4626",3.23931507254677
"4627",3.26041151443329
"4628",3.2620369243425
"4629",3.11073698898168
"4630",4.03893583908855
"4631",3.91836148757837
"4632",3.01021580866852
"4633",2.3928168561677
"4634",3.08007176328023
"4635",7.53490575008173
"4636",6.62268712290838
"4637",10.1369072210712
"4638",8.84115359559706
"4639",5.05179943139023
"4640",5.27206044635763
"4641",8.18217993350816
"4642",8.87904251222876
"4643",10.6080169909231
"4644",10.0419969169845
"4645",4.00962921983411
"4646",4.80342307004015
"4647",2.21793687531409
"4648",1.5722425545443
"4649",2.32327693751453
"4650",2.48011288960403
"4651",2.70567464611632
"4652",2.60581019688797
"4653",1.95003464294637
"4654",2.21101640641748
"4655",1.55278043943244
"4656",1.97915372684363
"4657",2.97982569746622
"4658",2.5777412276103
"4659",2.91317861852379
"4660",2.12238150420497
"4661",3.4346786953213
"4662",2.9201024742254
"4663",4.40402955304147
"4664",3.80341993779103
"4665",5.5836548324958
"4666",3.87488893487301
"4667",1.32548411212582
"4668",1.11466842102468
"4669",1.74058773227473
"4670",1.12920291877138
"4671",0.550001723703765
"4672",0.948224025728299
"4673",0.871581862528551
"4674",0.949911607680942
"4675",1.69764610694355
"4676",1.19623394968892
"4677",0.794002116929964
"4678",0.873649978197262
"4679",1.05688939193844
"4680",0.891890941857413
"4681",1.07606905153185
"4682",1.43340782213484
"4683",1.91591335531257
"4684",1.30335461356878
"4685",1.27801331940076
"4686",0.976407812660806
"4687",1.02106309201414
"4688",1.6651261456057
"4689",2.27639804093978
"4690",2.54193696393546
"4691",2.20938639842347
"4692",2.10008498208161
"4693",1.38626304714016
"4694",0.998700635132231
"4695",0.581189263472356
"4696",0.69615050988662
"4697",0.504931941293108
"4698",0.648357187662007
"4699",0.382263823851639
"4700",0.686382686155755
"4701",0.455931536239796
"4702",0.551373919845061
"4703",0.962362172442986
"4704",0.730138862074339
"4705",0.785242083101859
"4706",0.670629783825216
"4707",1.10321277180164
"4708",0.81367033663889
"4709",0.981538267653026
"4710",0.894928528803804
"4711",1.67693694516067
"4712",2.10785102703744
"4713",2.07781582541166
"4714",2.13520267103333
"4715",1.68418076028023
"4716",2.00835037101523
"4717",1.64037586587327
"4718",1.2713921840296
"4719",2.32344795034078
"4720",1.72542605298651
"4721",2.00184993396223
"4722",2.04044353604247
"4723",1.12558948480506
"4724",1.10971428096253
"4725",0.754410376869664
"4726",0.944230726914933
"4727",0.565972129862575
"4728",0.646847360643875
"4729",0.919536947830754
"4730",0.856498414411942
"4731",0.553004430451491
"4732",0.81170093653286
"4733",0.725232334045336
"4734",0.746935077699016
"4735",0.486001972971826
"4736",0.818502494048093
"4737",0.803456467929887
"4738",0.834218644468792
"4739",0.603645291348753
"4740",0.905999155296877
"4741",2.6777624203329
"4742",2.22630217148563
"4743",2.01291073178754
"4744",3.56105689417989
"4745",2.28142631128413
"4746",1.66234234663848
"4747",1.33141628547606
"4748",1.77998109315172
"4749",0.901434621048823
"4750",0.484661170727239
"4751",0.841545492948416
"4752",0.429177908985122
"4753",0.444168188731577
"4754",0.478794330003677
"4755",0.71034750912234
"4756",0.375298304876352
"4757",0.438949852769389
"4758",0.482026500208794
"4759",0.27442040012394
"4760",0.278162599272854
"4761",0.317382304766388
"4762",0.354425436732386
"4763",0.170922024068778
"4764",0.20222822496688
"4765",0.350678196222963
"4766",0.373662718754111
"4767",0.430084060068795
"4768",0.500625475395661
"4769",0.544775430207049
"4770",0.837565047767965
"4771",0.342461756838548
"4772",0.298897091672752
"4773",0.31617589842624
"4774",0.174904352333094
"4775",0.224756165451091
"4776",0.272194800004789
"4777",0.449187326332211
"4778",0.707912329690594
"4779",0.852974576021244
"4780",1.01896256123359
"4781",0.799909232567283
"4782",0.687334208181785
"4783",0.846327766957937
"4784",1.25320371401784
"4785",1.68649046648626
"4786",2.34133736540384
"4787",1.21725786982761
"4788",1.07525607829486
"4789",0.984934136211215
"4790",0.929973061488555
"4791",0.916266272771529
"4792",1.34724409853538
"4793",2.16883845905318
"4794",1.58237338025717
"4795",0.908995530263233
"4796",0.855966564712974
"4797",0.790980241168878
"4798",1.00239502695542
"4799",1.00611813560064
"4800",0.705442671839819
"4801",0.890661729581426
"4802",0.934646081953619
"4803",0.740247100026888
"4804",0.908226209400987
"4805",0.826743358091682
"4806",0.590508718011043
"4807",0.486842913747317
"4808",0.848995927012561
"4809",0.637454478277264
"4810",0.855208860138605
"4811",0.924784525241728
"4812",0.610655440463505
"4813",0.446848590808725
"4814",0.291978185904452
"4815",0.283736118214199
"4816",0.185085160283075
"4817",0.150138177959674
"4818",0.147571175193415
"4819",0.153219034698799
"4820",0.216642645075495
"4821",0.397870155457584
"4822",0.595295237994847
"4823",0.361262913856616
"4824",0.908250436978104
"4825",1.27241295197466
"4826",1.23462897357813
"4827",2.08617835450755
"4828",1.77647084028301
"4829",1.10132046816811
"4830",1.34831958323366
"4831",1.17020190638766
"4832",0.739867384068956
"4833",1.07584110686303
"4834",1.55202898809084
"4835",1.21075901593153
"4836",2.25499830086104
"4837",0.992490830378042
"4838",0.686096880869686
"4839",0.674405928598473
"4840",0.841854761531755
"4841",0.893268211653115
"4842",0.81204369525933
"4843",0.424666518406528
"4844",0.346827506928425
"4845",0.268677786074786
"4846",0.227201649604515
"4847",0.258959696268577
"4848",0.517031669643046
"4849",0.377643807168885
"4850",0.316238508975597
"4851",0.293811843103729
"4852",0.399455590244466
"4853",0.270193502449817
"4854",0.427776794627467
"4855",0.452767675230755
"4856",0.525332613352735
"4857",0.701337189956065
"4858",0.532095350198682
"4859",0.754434190868307
"4860",0.607390892068434
"4861",0.886813752465574
"4862",0.743513318948212
"4863",0.397947417337432
"4864",0.575562151257421
"4865",0.621163662917734
"4866",0.812108974992223
"4867",0.946701793612567
"4868",1.14341093586472
"4869",1.09171262768814
"4870",1.71405297492074
"4871",1.64225062043796
"4872",1.87583093021654
"4873",1.10534281319389
"4874",0.809646328802845
"4875",1.16480655435401
"4876",1.09844051025228
"4877",1.4789802413026
"4878",1.56329594737454
"4879",1.20278438022189
"4880",1.30974799118183
"4881",1.03026955174957
"4882",0.972584568528015
"4883",1.29898848691067
"4884",1.58042781962823
"4885",1.59609375849599
"4886",1.19956568321545
"4887",1.27526003672459
"4888",1.32095675309429
"4889",0.758924686308136
"4890",0.815937214431694
"4891",1.75022981156274
"4892",1.6565354898139
"4893",1.6341387404809
"4894",2.16325120491856
"4895",3.17067970598756
"4896",2.58308556342357
"4897",1.69381893200543
"4898",1.97768775231688
"4899",2.22352412892273
"4900",2.13449867753113
"4901",1.69218149565791
"4902",1.86437984597841
"4903",1.90314116011001
"4904",3.07524758685026
"4905",2.58687752358525
"4906",1.3419984986588
"4907",1.06071514134887
"4908",2.40899280269587
"4909",2.8628663650349
"4910",3.64535300601282
"4911",3.04430894598258
"4912",4.48525912977681
"4913",2.93418589113732
"4914",3.02906900017531
"4915",3.21564036231108
"4916",4.2184499526731
"4917",3.89686373818276
"4918",2.65326110680793
"4919",2.06973164551791
"4920",2.57840712746612
"4921",1.13097510664235
"4922",1.57692854416677
"4923",2.16176310265215
"4924",1.50498924687607
"4925",0.688046904079154
"4926",0.344847484825689
"4927",0.521349383548498
"4928",0.501224888397479
"4929",0.705171879409591
"4930",0.735438512022942
"4931",0.767920967910195
"4932",0.787674910622443
"4933",0.780586621348127
"4934",0.686967701939988
"4935",0.629624581015576
"4936",0.648900857644606
"4937",0.366936510512348
"4938",0.339588787265093
"4939",0.364559536881372
"4940",0.50424576058887
"4941",0.424588066024584
"4942",0.90392782308083
"4943",0.581340812821295
"4944",0.438566305992982
"4945",0.424436478467129
"4946",0.391405315360022
"4947",0.158954883683126
"4948",0.163401640985676
"4949",0.228207806618425
"4950",0.212584828236
"4951",0.156494337441127
"4952",0.142317469806477
"4953",0.0991624428741508
"4954",0.13750451317755
"4955",0.242783436753711
"4956",0.298896874005426
"4957",0.308667372431416
"4958",0.188579826597255
"4959",0.233159671159901
"4960",0.156132668239854
"4961",0.258610377525829
"4962",0.237435894100558
"4963",0.358615037856525
"4964",0.31217233152263
"4965",0.26663908022548
"4966",0.251565925630464
"4967",0.413665692918985
"4968",0.263907883235378
"4969",0.206111893764526
"4970",0.415685073766132
"4971",0.813623248000629
"4972",0.622232047867961
"4973",0.696931761181813
"4974",0.329909916859125
"4975",0.26195241487037
"4976",0.347255290718028
"4977",0.295612917629997
"4978",0.307426286017883
"4979",0.301738790493619
"4980",0.161705546421206
"4981",0.218082293718064
"4982",0.463711178979858
"4983",0.656253841145797
"4984",0.455367668910635
"4985",1.03061797416607
"4986",1.06755087068638
"4987",2.48833799260055
"4988",2.12417233144516
"4989",1.43108724754323
"4990",0.736089784623989
"4991",0.85257021646516
"4992",0.835370111478383
"4993",0.803919511514344
"4994",1.10835262186381
"4995",1.74733546580536
"4996",1.50574272592423
"4997",1.09533631647653
"4998",1.56593641009206
"4999",2.41973566662785
"5000",1.93280991771418
"5001",1.33495733930577
"5002",1.93553521292095
"5003",1.52946955188128
"5004",0.820603797774673
"5005",0.665605857551592
"5006",0.407633848925281
"5007",0.480342352393572
"5008",0.335998576151049
"5009",0.211602499074193
"5010",0.237113906409683
"5011",0.433173243864668
"5012",0.304048376088424
"5013",0.463559694456374
"5014",0.570751963078445
"5015",1.91970208552288
"5016",0.770288576710434
"5017",1.02078251834193
"5018",1.29832484061366
"5019",1.27368601021281
"5020",2.29393930086693
"5021",3.14463544029732
"5022",2.72028649965496
"5023",2.51992142821359
"5024",2.9668235076187
"5025",2.9657545479375
"5026",2.36831604532152
"5027",2.9217450237141
"5028",2.32093590618522
"5029",0.993165640046535
"5030",0.758485227475315
"5031",0.767745879766667
"5032",1.13903649407249
"5033",1.26681357654241
"5034",0.907524601688
"5035",1.32035161558512
"5036",2.1031872709333
"5037",1.3426733425847
"5038",1.11205598753669
"5039",0.546589563927453
"5040",0.303584869616086
"5041",0.212235263382666
"5042",0.230102167401065
"5043",0.209611319066572
"5044",0.574229203214067
"5045",0.895955705283448
"5046",0.561276071021272
"5047",0.921347618969641
"5048",0.343963266163298
"5049",0.501840597976924
"5050",0.501189686171815
"5051",0.451591843251044
"5052",0.256941760989704
"5053",0.45188902349167
"5054",0.525863156470579
"5055",0.494815555189396
"5056",0.356725483495184
"5057",0.417434866634504
"5058",0.553908519731623
"5059",0.760846682112838
"5060",1.10850132078072
"5061",0.888298189660288
"5062",1.10331760744935
"5063",1.12230973096005
"5064",0.60508739042368
"5065",0.989493330977285
"5066",1.56025979821083
"5067",0.806906798456705
"5068",1.42475706334646
"5069",2.35758206178223
"5070",2.80336052827175
"5071",1.16391689160319
"5072",1.85690840747606
"5073",1.81640321265367
"5074",1.41963932148746
"5075",0.960842715407127
"5076",0.989506716434064
"5077",1.63467308413766
"5078",1.77705871761746
"5079",2.32403569768593
"5080",1.77711839005815
"5081",4.4348181995559
"5082",2.29842056294156
"5083",2.35080702927553
"5084",1.73264098679805
"5085",2.38443760696096
"5086",3.22803658634149
"5087",3.18658347629771
"5088",1.50540280299381
"5089",1.70942072088519
"5090",0.835562561556081
"5091",0.708727511180597
"5092",0.736777488560956
"5093",0.876730301913521
"5094",3.09052449342097
"5095",2.76490685802539
"5096",1.56645671270488
"5097",1.00426431510259
"5098",0.629512242983986
"5099",0.595937058468875
"5100",0.315940961547508
"5101",0.401102510360859
"5102",0.312741361209574
"5103",0.142000029449228
"5104",0.241634521344399
"5105",0.170551517874108
"5106",0.26116765270596
"5107",0.316590717085819
"5108",0.188087720424601
"5109",0.222540408848427
"5110",0.203926070531469
"5111",0.158531272606013
"5112",0.197303580991976
"5113",0.248197083650126
"5114",0.207724952004099
"5115",0.182784860590744
"5116",0.393361683550376
"5117",0.595994110259897
"5118",0.509642948302867
"5119",0.293714354554232
"5120",0.129137307214319
"5121",0.191276225920431
"5122",0.188126666235179
"5123",0.262240922663484
"5124",0.339880047886166
"5125",0.391072026957609
"5126",0.301851839975788
"5127",0.263512445601902
"5128",0.363694987050646
"5129",0.23503558048516
"5130",0.255624757696749
"5131",0.444520218964447
"5132",0.299071926590188
"5133",0.304116533814203
"5134",0.270058193301716
"5135",0.325616712858779
"5136",0.221989774660087
"5137",0.344546328853138
"5138",0.422535820426904
"5139",0.259727552404542
"5140",0.225977369038295
"5141",0.293445044427985
"5142",0.222765868926393
"5143",0.227434889800429
"5144",0.505774483685138
"5145",1.03365505996485
"5146",0.974762779310275
"5147",1.61117036677873
"5148",2.41781286761189
"5149",3.93348012194097
"5150",2.54877063567007
"5151",2.62543788918413
"5152",3.15363653384393
"5153",1.50728447860382
"5154",3.51244471084963
"5155",4.66591716112233
"5156",2.34685713109206
"5157",3.48040915693298
"5158",3.19250423095373
"5159",4.51980611921063
"5160",6.90210673289678
"5161",3.95020384331458
"5162",2.37643098743658
"5163",2.09995360631396
"5164",1.65586825001351
"5165",0.830296663625487
"5166",0.918750208106262
"5167",0.594340036280184
"5168",0.800383067816272
"5169",1.42117138599581
"5170",1.28479979299964
"5171",1.78878667355631
"5172",1.19214836796307
"5173",1.18462223171564
"5174",1.01173885754216
"5175",1.63611657462793
"5176",1.69852639885628
"5177",1.62335128056811
"5178",2.46411072607402
"5179",1.70976590673204
"5180",3.21809464654522
"5181",2.50181820226508
"5182",2.02977980264764
"5183",1.55465388121957
"5184",1.58070345647775
"5185",1.35531983394218
"5186",1.04838115248682
"5187",1.02531021146559
"5188",1.44267775496066
"5189",0.569254933155774
"5190",0.324874623647453
"5191",0.364058371342591
"5192",0.400294013614536
"5193",0.40536942741384
"5194",0.155837272265711
"5195",0.2341343191
"5196",0.208037756974859
"5197",0.278694970777627
"5198",0.444194332066308
"5199",0.412113500476253
"5200",0.669581354068013
"5201",0.696288962805702
"5202",0.419672768341869
"5203",0.372969867042815
"5204",0.42926803761097
"5205",0.604614150329602
"5206",1.34485637973338
"5207",0.777898965383816
"5208",0.557587373830852
"5209",0.698715304543172
"5210",0.601202402645079
"5211",0.474741566102543
"5212",0.542685307898798
"5213",1.04989133373759
"5214",1.49836765334967
"5215",1.50646806119971
"5216",1.02873020217444
"5217",2.6570451016393
"5218",4.5326246768015
"5219",3.79936081020435
"5220",3.48697600656733
"5221",4.58366271675744
"5222",5.28649871397627
"5223",3.2971068000721
"5224",4.67983740345953
"5225",5.20201322183792
"5226",8.56088150692894
"5227",8.26981818081878
"5228",8.73699711108561
"5229",13.7152181762956
"5230",8.80983559156692
"5231",6.02888262128928
"5232",11.2366350359905
"5233",12.3120043812347
"5234",9.78083829663403
"5235",7.59641336296423
"5236",5.30961266174002
"5237",6.85577003263424
"5238",3.32026713306004
"5239",5.78704811866198
"5240",2.19592383564752
"5241",1.14881190501761
"5242",0.752994106768616
"5243",0.754148246234182
"5244",0.512425153365957
"5245",0.583407569034013
"5246",1.28123863695192
"5247",1.32696182848629
"5248",2.08735450999171
"5249",1.56165719634505
"5250",2.08927517829596
"5251",2.23259855351836
"5252",2.11529039074397
"5253",1.64639519499859
"5254",3.15583614935964
"5255",4.51550925425519
"5256",2.91122281233858
"5257",2.1895553506854
"5258",2.45382258872826
"5259",2.4747114580158
"5260",2.47246535474834
"5261",1.36422772863119
"5262",1.35920999910649
"5263",2.00809412492592
"5264",3.49671410725038
"5265",4.63409100465478
"5266",3.47095901218187
"5267",2.74827041259349
"5268",1.38863801819117
"5269",1.54601499583098
"5270",1.17162330149301
"5271",0.82913322955051
"5272",0.455390811159073
"5273",0.388738332160529
"5274",0.319411782686437
"5275",0.284329008444735
"5276",0.206752488768483
"5277",0.257008253913061
"5278",0.215566940282791
"5279",0.177831946701665
"5280",0.222148387161895
"5281",0.697561667274463
"5282",0.97286407035295
"5283",0.930215442742817
"5284",2.3781740985127
"5285",1.25088803380876
"5286",1.18592793232012
"5287",0.562941080065612
"5288",0.546566547098597
"5289",1.21832153687751
"5290",1.10522702562616
"5291",0.458339514607016
"5292",0.385104085796266
"5293",0.289626465275042
"5294",0.239160236323409
"5295",0.238573284846833
"5296",0.263571083742947
"5297",0.155104597061385
"5298",0.203973889342078
"5299",0.228676708647878
"5300",0.270518715210706
"5301",0.291915428190378
"5302",0.197965829437044
"5303",0.129926881538352
"5304",0.236612663140858
"5305",0.545594374342813
"5306",1.17171319425423
"5307",1.44925253877731
"5308",1.50117876978331
"5309",1.75827064035553
"5310",1.05087442858266
"5311",0.680808836751081
"5312",0.580455250246587
"5313",1.03271909115225
"5314",1.33841972162784
"5315",0.914765192298717
"5316",1.136546371192
"5317",0.716895574714387
"5318",1.23214640894994
"5319",1.90606039585704
"5320",2.00006610759691
"5321",2.8573565773024
"5322",2.51513624645984
"5323",1.6767697124801
"5324",1.84995643175631
"5325",2.37813776433656
"5326",2.93584647176362
"5327",4.03975765318651
"5328",2.98148024855214
"5329",3.67735090663394
"5330",2.35959592155712
"5331",2.33089962536378
"5332",2.48671058910777
"5333",2.33649393597416
"5334",5.5892299696533
"5335",7.11034173719589
"5336",2.47801843129534
"5337",1.70163981682628
"5338",1.12423314605845
"5339",1.28119694011722
"5340",0.991748386481628
"5341",0.871575497543154
"5342",0.815619411438991
"5343",1.29443116036802
"5344",0.81928508443804
"5345",0.763167902533885
"5346",0.843085005014481
"5347",0.863388557496951
"5348",0.618836086559979
"5349",0.849691016319788
"5350",0.644091784764661
"5351",0.740355435562108
"5352",0.480724952646928
"5353",0.474518310326479
"5354",0.329513064350656
"5355",0.288754086802239
"5356",0.218208864929014
"5357",0.266016977585457
"5358",0.395329238670404
"5359",0.427379415168536
"5360",0.353671810511616
"5361",0.368951951347741
"5362",0.705413432576872
"5363",0.760798139051648
"5364",1.01059722082476
"5365",0.528423974280481
"5366",0.408310806734365
"5367",0.454257234078657
"5368",0.534236510710539
"5369",0.744369253220497
"5370",0.537965447054935
"5371",0.477792329369181
"5372",0.505915011010252
"5373",0.33360475008257
"5374",0.334849268438314
"5375",0.292429652300507
"5376",0.324418513279558
"5377",0.268302919896293
"5378",0.321978504827111
"5379",0.221636216716814
"5380",0.150125734203613
"5381",0.0980807893675513
"5382",0.153978118955904
"5383",0.26951303678858
"5384",0.3734335245124
"5385",0.636050298835141
"5386",0.993641894205279
"5387",0.766228579672329
"5388",0.921134966393244
"5389",0.917302401443695
"5390",1.57851604134053
"5391",2.13098722344723
"5392",2.68093791258293
"5393",4.34776727269969
"5394",4.10892975306244
"5395",2.17078223119912
"5396",3.41886647013856
"5397",2.55528756622571
"5398",1.56639604234951
"5399",1.55142174245704
"5400",1.07064250692672
"5401",1.30261474556009
"5402",0.762832659707327
"5403",0.783713059986852
"5404",1.02916947500641
"5405",1.22497338868755
"5406",0.853237657393515
"5407",0.717479618155126
"5408",0.647402459553653
"5409",0.772012577383695
"5410",0.491615650274776
"5411",0.780291284077382
"5412",0.920184643334112
"5413",1.30612129731336
"5414",1.40439320169984
"5415",1.08385121620505
"5416",1.13339363336826
"5417",1.27796684863665
"5418",0.777191770428939
"5419",0.759657158484031
"5420",0.983731878876397
"5421",1.27286734655381
"5422",1.79468457054183
"5423",3.00518028313812
"5424",3.15826277474405
"5425",2.00024396467362
"5426",2.80324398774264
"5427",1.45253757518264
"5428",2.1627743659496
"5429",2.38388301826902
"5430",2.10826651911616
"5431",1.05755787849997
"5432",1.09193873172469
"5433",1.71387870476926
"5434",1.11197710613909
"5435",2.07227938971888
"5436",1.57587112623681
"5437",2.12443103642634
"5438",1.45645637971552
"5439",0.873491918003267
"5440",0.83477635688255
"5441",0.725032958137705
"5442",0.532872348271741
"5443",0.644660973659114
"5444",0.904969670343482
"5445",0.589481239449402
"5446",0.993699884435093
"5447",1.19402697049594
"5448",1.21319225354232
"5449",1.17483543005928
"5450",1.715255605339
"5451",1.7638138997419
"5452",1.85064390996366
"5453",1.49334304651904
"5454",1.27781898275885
"5455",1.8946783990703
"5456",2.85527584739481
"5457",2.30065857669877
"5458",2.42899394321653
"5459",2.0813255804464
"5460",5.72719500545747
"5461",9.22871765874903
"5462",6.07038311718046
"5463",4.39526572886216
"5464",2.90820522899908
"5465",5.37408295343429
"5466",4.23541179235759
"5467",4.03309253002071
"5468",4.02529666960382
"5469",5.0857620836745
"5470",4.87882896448431
"5471",5.69658834384035
"5472",3.5808520293028
"5473",5.75390795762574
"5474",1.98507364755497
"5475",2.8512890926066
"5476",2.96640793897306
"5477",3.90122688928828
"5478",2.88537872988657
"5479",2.12861183850524
"5480",1.83569004996153
"5481",2.64996336425378
"5482",2.28689984762369
"5483",3.30878616273678
"5484",1.68789254726032
"5485",3.36033888265109
"5486",5.02239087683912
"5487",6.9371310712926
"5488",5.57651415686823
"5489",3.45548955801476
"5490",4.18070191331094
"5491",5.06365953254106
"5492",5.62132863851076
"5493",7.15723474398123
"5494",4.19993471552797
"5495",3.77435290819942
"5496",4.76451246534226
"5497",3.86339802319264
"5498",5.96361379853406
"5499",9.49341701375115
"5500",14.6194551875933
"5501",16.1510547503287
"5502",20.0475798788955
"5503",14.1281751343049
"5504",21.9416998170558
"5505",30.5606703781615
"5506",33.3048862891635
"5507",16.718885843365
"5508",13.6276951437321
"5509",13.8459439692599
"5510",8.4881517586033
"5511",8.91919154649971
"5512",8.37697321791662
"5513",6.78552580551459
"5514",3.47064501267591
"5515",4.12205783498789
"5516",2.76196714890944
"5517",2.68778464120827
"5518",3.0406648125559
"5519",3.48799026134035
"5520",3.06126163252452
"5521",2.34499917984192
"5522",1.06778016598137
"5523",0.941811384661539
"5524",0.737046194518376
"5525",0.454935811833737
"5526",0.253462446718231
"5527",0.26999484912257
"5528",0.412031615376773
"5529",0.73455507711959
"5530",0.675812003165232
"5531",0.457231599737157
"5532",0.40587941657652
"5533",0.485274718459665
"5534",0.624322904588772
"5535",0.773255434024188
"5536",0.548705483535029
"5537",0.447086247316745
"5538",0.54075627975255
"5539",0.320887113480872
"5540",0.171145017270308
"5541",0.221041428085026
"5542",0.279194416036815
"5543",0.452784903469952
"5544",0.54158641075066
"5545",0.588904317459805
"5546",0.442435245225026
"5547",0.731387919800199
"5548",0.61755803797267
"5549",0.885797952648647
"5550",0.541030530789105
"5551",0.469710030026088
"5552",0.627211961228148
"5553",0.614669238060453
"5554",0.451172699718193
"5555",0.5932979044434
"5556",0.291898136511423
"5557",0.845984313825146
"5558",0.589324547228165
"5559",0.826656115267288
"5560",0.998986825002902
"5561",2.32672966698981
"5562",2.75594466686764
"5563",2.3147822368195
"5564",1.82494546817167
"5565",3.86466124353751
"5566",5.40366934485774
"5567",8.76556439967705
"5568",14.2227840675082
"5569",10.5868494123991
"5570",6.87804750080397
"5571",6.365307820731
"5572",5.53496358823256
"5573",6.63775669900607
"5574",3.90761173819735
"5575",2.42570851215443
"5576",1.58037522748003
"5577",2.54864441474154
"5578",3.39187928747124
"5579",2.06706479044215
"5580",1.93919939370001
"5581",1.41552279885046
"5582",0.83142475314146
"5583",0.628001239616752
"5584",0.657752881155485
"5585",0.522866869294022
"5586",0.354382574391478
"5587",0.874240795749325
"5588",0.891326756221824
"5589",0.985458081491449
"5590",2.29157716996735
"5591",2.33661223688593
"5592",2.56139020841532
"5593",2.80759781124293
"5594",1.52983675104501
"5595",1.63728976568424
"5596",1.76441184577989
"5597",2.18046105197841
"5598",2.1193477725114
"5599",2.81426485845328
"5600",3.27869812581589
"5601",2.02580224881937
"5602",0.872174629177197
"5603",0.894237330936254
"5604",0.957812954850587
"5605",1.28866749980733
"5606",0.966656009553039
"5607",1.11641075058737
"5608",1.81107800950927
"5609",1.64429420414262
"5610",2.13121312045899
"5611",3.06443660497365
"5612",3.60015030073161
"5613",9.35216218656725
"5614",7.09144703670131
"5615",8.00374526397006
"5616",3.26385138111782
"5617",1.71003429872294
"5618",2.18242918771053
"5619",2.08033894955243
"5620",1.97168940206545
"5621",4.39124746139668
"5622",5.277298334223
"5623",3.73452929149788
"5624",2.64024837962812
"5625",3.38872934800006
"5626",1.88066497526509
"5627",1.97769301988083
"5628",3.21100400256304
"5629",2.10698627797028
"5630",1.10701154581947
"5631",1.16537613226152
"5632",0.758141799815861
"5633",1.33702387925602
"5634",2.26169216150384
"5635",2.2563051011132
"5636",3.19259495496383
"5637",3.07926450086367
"5638",2.61235954849625
"5639",1.66935365883434
"5640",1.74828682659575
"5641",1.80280277553132
"5642",2.47705526574766
"5643",3.1601995854863
"5644",4.14779159802463
"5645",2.6428422708757
"5646",1.57803907274797
"5647",2.21532748544868
"5648",2.82924900917248
"5649",1.93223471664846
"5650",2.24811865885442
"5651",2.11439293184252
"5652",3.62433636512821
"5653",1.93717333918361
"5654",2.3127529352454
"5655",2.72367995357553
"5656",1.43415315474977
"5657",2.29095518234165
"5658",3.40149896224819
"5659",2.92234458334997
"5660",4.38646402915184
"5661",4.52917982900637
"5662",8.25273154383758
"5663",10.9875777364918
"5664",10.2559503327068
"5665",8.71730140441609
"5666",5.23796336819872
"5667",4.58505353450292
"5668",3.42406842918925
"5669",1.81341293912381
"5670",2.82743577721818
"5671",3.16703208926799
"5672",2.14871568546471
"5673",2.00079502033314
"5674",2.21885532571138
"5675",3.55950671561776
"5676",2.18007927134033
"5677",2.05850083954141
"5678",1.23806926323861
"5679",1.14616440106625
"5680",1.07514289072883
"5681",1.33135019897607
"5682",1.61422318691266
"5683",1.96990231047618
"5684",1.70837854244786
"5685",3.17413696938005
"5686",4.71993135487933
"5687",2.39273270183501
"5688",2.25647124891317
"5689",2.08311273106761
"5690",2.20918380220094
"5691",2.4019555613035
"5692",3.13808157081677
"5693",3.18305392778035
"5694",4.43814081731385
"5695",5.07916093835504
"5696",5.93752377008795
"5697",5.89607194070486
"5698",5.76628606388187
"5699",5.93663565978644
"5700",5.54099406847027
"5701",4.41949037478533
"5702",6.9982669238038
"5703",2.59220581906674
"5704",2.73440160737618
"5705",3.45326385539353
"5706",4.27203164275936
"5707",4.84026983022483
"5708",3.49366194246305
"5709",2.00824276933045
"5710",2.40772311477885
"5711",3.38389773924358
"5712",3.42752009484182
"5713",7.09629080217392
"5714",4.84567028433182
"5715",5.48916392304225
"5716",3.76555020705359
"5717",5.06017847904294
"5718",3.30750029024199
"5719",1.7652029428192
"5720",2.5480692398413
"5721",2.17204232637137
"5722",3.53589839521488
"5723",6.55246807612733
"5724",3.31598582779815
"5725",3.99391921958732
"5726",4.06457601228039
"5727",3.70778855585315
"5728",3.98420496564546
"5729",3.38533178753706
"5730",4.74137394148858
"5731",6.32750720220198
"5732",4.73944402761823
"5733",3.7825312271896
"5734",2.74275711641014
"5735",2.36434884793586
"5736",1.36204837571905
"5737",3.91805127617947
"5738",4.58429148633054
"5739",3.29992393532988
"5740",2.8984052765444
"5741",2.22235838697951
"5742",1.40923639888445
"5743",0.625413836242893
"5744",0.640801029902081
"5745",0.601454704742433
"5746",0.760004771555041
"5747",0.607133606083111
"5748",0.438474699556998
"5749",1.52343748065744
"5750",2.17204326085487
"5751",2.53748234605974
"5752",2.47234961654856
"5753",1.94828650861498
"5754",2.09539218717273
"5755",4.04157337496431
"5756",3.90777625670907
"5757",4.2698830475605
"5758",7.65179085737802
"5759",7.67628491709266
"5760",6.64267163354931
"5761",11.4606994269062
"5762",7.00141082776163
"5763",6.09371764146343
"5764",3.63559073816988
"5765",1.81207089481801
"5766",1.70761599118994
"5767",0.6892110062116
"5768",0.894934836044102
"5769",1.01065795567169
"5770",1.32408086315438
"5771",2.43768855221135
"5772",2.96632582095551
"5773",3.97887016448083
"5774",6.41951140819548
"5775",6.25162655774836
"5776",3.97313185157537
"5777",3.46969644802099
"5778",3.04509842717939
"5779",2.90602514713983
"5780",0.902001721423488
"5781",1.24255052319378
"5782",0.993121278533245
"5783",0.671672186778248
"5784",0.812584054139794
"5785",0.81672019986725
"5786",0.512173873360461
"5787",0.706011312605836
"5788",0.785492913726269
"5789",1.30924572166006
"5790",1.02453423340132
"5791",1.27346692667705
"5792",1.30506524159044
"5793",0.910892997834205
"5794",0.891065104601802
"5795",0.734132245142503
"5796",1.32459519241488
"5797",0.491514223958988
"5798",0.711999884491657
"5799",1.19821241031015
"5800",1.81575312936701
"5801",0.920997000427665
"5802",1.05310823066419
"5803",1.07533444333263
"5804",1.4197965166818
"5805",1.94507028619254
"5806",1.595310436181
"5807",1.83968543518635
"5808",0.854068496688094
"5809",0.721423414259273
"5810",1.10671127093324
"5811",0.765264576966941
"5812",0.763981041118081
"5813",0.792407997677224
"5814",1.35415736351637
"5815",1.30505181119817
"5816",0.738402145839522
"5817",0.789072814358812
"5818",0.986050602070115
"5819",0.872262360779863
"5820",0.650295524059839
"5821",1.33310102450118
"5822",1.2375420104785
"5823",1.81443347511784
"5824",1.85987562062203
"5825",3.94722562449194
"5826",2.59042053117097
"5827",3.53048521023589
"5828",3.76059079331816
"5829",3.63826341072221
"5830",1.96433649995862
"5831",2.17230066837775
"5832",0.561901024203387
"5833",0.484440536615152
"5834",0.52918852219288
"5835",0.822811159932805
"5836",1.40612526553827
"5837",1.18118378418896
"5838",2.07169305202531
"5839",2.38301142595514
"5840",1.35828638841277
"5841",1.33729190003952
"5842",1.32338417348376
"5843",1.28501545967411
"5844",1.13409846647625
"5845",1.94374877245907
"5846",5.7047676448929
"5847",5.75999830534202
"5848",3.84317924041147
"5849",3.48743572675709
"5850",3.35420692016306
"5851",3.68565655162861
"5852",3.80846105708851
"5853",2.88334745407847
"5854",3.88263115635202
"5855",3.25529884342182
"5856",2.38853132174084
"5857",3.50362358057496
"5858",4.17067191936034
"5859",3.63317063308919
"5860",5.73031348315956
"5861",6.25510907792617
"5862",5.07436115030751
"5863",3.73030643948328
"5864",4.95606436095161
"5865",3.89019380531372
"5866",2.58084396604818
"5867",1.40229399739589
"5868",1.00993242245415
"5869",1.21087465372932
"5870",0.805753988216748
"5871",1.17292523691695
"5872",1.52627634771334
"5873",1.12042257905196
"5874",1.76525127833751
"5875",1.03055890792188
"5876",0.913876248960766
"5877",1.19734076340024
"5878",1.7760061695414
"5879",1.67088188972829
"5880",1.32471451398305
"5881",1.5880817242107
"5882",1.19015123432462
"5883",1.05845216608033
"5884",0.377060882392461
"5885",0.240386886368405
"5886",0.124925896772593
"5887",0.184910092268734
"5888",0.523197547202436
"5889",0.54563808391755
"5890",0.615581340428277
"5891",0.9882353908705
"5892",1.09088356087704
"5893",1.63413583315414
"5894",1.45971266468499
"5895",1.35067431471914
"5896",0.946683013494397
"5897",0.880203456097512
"5898",0.339510485698489
"5899",0.331398622841947
"5900",0.350993700143388
"5901",0.385383086174478
"5902",0.382572657760606
"5903",0.597237163565195
"5904",0.842963680402859
"5905",0.638591154252369
"5906",1.19210468486724
"5907",0.789716991652243
"5908",0.419763934279324
"5909",0.370140553620547
"5910",0.681545365016309
"5911",0.797127166666656
"5912",0.45051923146708
"5913",0.42346836017133
"5914",0.919675850166663
"5915",1.44227827016828
"5916",1.33973173029626
"5917",1.09114483676159
"5918",1.34482640411569
"5919",1.81607796761455
"5920",1.6018677836546
"5921",2.2030844007058
"5922",1.77383548322463
"5923",1.29393605072263
"5924",0.63207059886866
"5925",0.597042605202207
"5926",0.504705316106459
"5927",0.491249704647163
"5928",0.622983562886574
"5929",0.295646932324779
"5930",0.243452072507296
"5931",0.270422654536081
"5932",0.428247799800256
"5933",0.354465468726052
"5934",0.325812635320021
"5935",0.259476527767952
"5936",0.259975671381866
"5937",0.101395816425181
"5938",0.0791333306623931
"5939",0.129947657706212
"5940",0.144568612293257
"5941",0.133589116638503
"5942",0.154506909437813
"5943",0.143914015441825
"5944",0.241653127521144
"5945",0.288015388196525
"5946",0.257970181141739
"5947",0.27987172319075
"5948",0.284384353765677
"5949",0.265622316038457
"5950",0.349133053446227
"5951",0.372786688751308
"5952",0.457150023752409
"5953",0.253776078039958
"5954",0.306130879265354
"5955",0.372712362721142
"5956",0.634429227150073
"5957",1.84776803144279
"5958",1.67573481674586
"5959",1.50422392064555
"5960",0.925599169877073
"5961",0.561941717494524
"5962",0.937836342950254
"5963",1.96732421963578
"5964",2.08463087539621
"5965",2.34240429469817
"5966",2.57781523520041
"5967",3.93972937162244
"5968",1.96748422935039
"5969",1.61360252516774
"5970",1.05902855046786
"5971",1.59861435303051
"5972",2.57756487295804
"5973",2.247630725838
"5974",3.28129235039198
"5975",5.09135784890098
"5976",7.21654618484201
"5977",5.64586292822031
"5978",3.96879588997364
"5979",2.36921230933953
"5980",2.41657441498159
"5981",1.40650837850492
"5982",1.51668851134838
"5983",0.885251985681476
"5984",0.748873371287217
"5985",0.753299086204792
"5986",1.07346293753696
"5987",1.68606657073005
"5988",1.68247475897392
"5989",3.81628055471793
"5990",2.0420628453585
"5991",1.95120125318268
"5992",2.45741764023689
"5993",1.56066498799288
"5994",2.89581551049354
"5995",3.71051590039158
"5996",3.25977153830515
"5997",1.7756838220292
"5998",1.20773601748203
"5999",0.837940614056385
"6000",0.482382987442118
"6001",0.76504434819077
"6002",0.688229659715269
"6003",0.637188075862239
"6004",0.81665567771869
"6005",0.863584458374214
"6006",0.825060895563828
"6007",1.09421196722213
"6008",0.699814017953421
"6009",1.21372101294583
"6010",1.00415023046155
"6011",1.69681413663665
"6012",1.63386609432883
"6013",2.03136825144638
"6014",1.53209340196139
"6015",2.50124404259004
"6016",2.26472540178575
"6017",1.57132101256803
"6018",2.07284762218446
"6019",3.00813489252794
"6020",2.12681258790246
"6021",1.59828711380442
"6022",1.61256420536902
"6023",0.869463383841554
"6024",1.17923453611309
"6025",0.975727238113188
"6026",1.10162020767734
"6027",0.575330754246344
"6028",0.86838038692928
"6029",0.429094102285925
"6030",0.880358984893762
"6031",0.80156055843957
"6032",1.06521499745543
"6033",1.17305738492601
"6034",1.86627823368335
"6035",1.80965108202733
"6036",1.81667220465614
"6037",0.782358823231682
"6038",0.698370160671789
"6039",0.700041780516175
"6040",1.07702160998207
"6041",0.929297370807799
"6042",1.02399365173777
"6043",0.951634037211533
"6044",0.975866983954816
"6045",1.14138501875634
"6046",0.747447497230289
"6047",0.632077253559046
"6048",0.585041034377516
"6049",0.532052471293907
"6050",0.936915809307337
"6051",0.711775037410537
"6052",0.768833359485378
"6053",0.530904730280767
"6054",0.795654061387824
"6055",1.00908123752557
"6056",1.13007711412312
"6057",1.01075468696149
"6058",1.30648370196155
"6059",1.10167856007329
"6060",2.55513610989171
"6061",4.18884639042454
"6062",2.19334148533052
"6063",3.31527866128946
"6064",4.90785423778233
"6065",3.37550836208246
"6066",2.92800577791223
"6067",2.87688644485282
"6068",1.29004252295374
"6069",0.798263138671874
"6070",0.619971040435705
"6071",0.442787713944491
"6072",0.390779195957619
"6073",0.469947290804695
"6074",0.395381403050637
"6075",0.700861499750683
"6076",0.396319823102038
"6077",0.332047180040266
"6078",0.231632385031183
"6079",0.211844536199073
"6080",0.280097187078392
"6081",0.331653053639906
"6082",0.418381775954524
"6083",0.465331666745472
"6084",0.689769049711551
"6085",0.726389096207349
"6086",0.770416689879299
"6087",0.474532590705774
"6088",0.396014171931625
"6089",0.524812318737246
"6090",0.653028787038494
"6091",0.987460200432717
"6092",0.922685931376878
"6093",1.015854877714
"6094",0.840237937490627
"6095",0.642351086155605
"6096",0.778368255883096
"6097",0.99903214935552
"6098",1.3309618829192
"6099",0.876786434092499
"6100",0.925775530393286
"6101",0.841586071288111
"6102",1.02681741830091
"6103",2.08005307267087
"6104",2.13201284439894
"6105",1.16576839908643
"6106",0.666472779305399
"6107",1.11076978289365
"6108",0.808566668231537
"6109",0.903498660569348
"6110",0.706231465368853
"6111",0.576020250158345
"6112",1.47257128806217
"6113",0.628931221255913
"6114",1.06948625576092
"6115",0.982293246177202
"6116",1.17731640105047
"6117",1.943671146707
"6118",1.74669994870317
"6119",1.25957951390487
"6120",2.64158241830975
"6121",2.08541755429816
"6122",1.09497855216557
"6123",1.83519425059983
"6124",2.35445532852998
"6125",4.84580838145202
"6126",2.95365426013608
"6127",1.4659917800378
"6128",1.53099643820479
"6129",0.77731791133181
"6130",0.857818774767217
"6131",0.675628270537565
"6132",1.00289303177347
"6133",0.966900997870593
"6134",0.666813679298245
"6135",0.667816915390862
"6136",0.435532226304929
"6137",1.16911378863147
"6138",1.20783932302999
"6139",1.64629055605587
"6140",1.35543439664909
"6141",1.46184471411395
"6142",1.61171211332073
"6143",1.37515773477085
"6144",1.23797247691918
"6145",0.693551442550058
"6146",0.882854171620573
"6147",0.883751162643868
"6148",1.9696494758963
"6149",2.55626203041809
"6150",3.71900107039438
"6151",2.77324211849612
"6152",2.14962834061203
"6153",0.882370408340584
"6154",0.556513869080866
"6155",0.689447033999239
"6156",0.450114578464795
"6157",0.463805737415097
"6158",0.420910233456839
"6159",0.371814435965641
"6160",0.323519532727248
"6161",0.397228923601506
"6162",0.74234749428949
"6163",0.541613032443639
"6164",0.759944234440025
"6165",0.851930217331076
"6166",0.722280885202809
"6167",0.812456034527888
"6168",1.1021716389514
"6169",0.786079931271907
"6170",0.805758148383548
"6171",0.723383254208656
"6172",0.893113986190914
"6173",0.710929867033188
"6174",0.829205323697433
"6175",1.01170250618788
"6176",0.668640795436115
"6177",0.679071107541462
"6178",0.564746416884628
"6179",0.520090898821497
"6180",0.381183645266363
"6181",0.233979898296787
"6182",0.136332940689633
"6183",0.156644047616338
"6184",0.0658493379743799
"6185",0.0610347285555974
"6186",0.0564198514732273
"6187",0.0361802937229108
"6188",0.0625280707823589
"6189",0.079820170863898
"6190",0.114695703835437
"6191",0.112327213233648
"6192",0.0954821670485244
"6193",0.0594789395837131
"6194",0.0866182292419652
"6195",0.224383560488214
"6196",0.262647552431034
"6197",0.227934503863324
"6198",0.406077006040757
"6199",0.280872490974766
"6200",0.623116078259815
"6201",0.385638854595601
"6202",0.493057208349033
"6203",0.773754964526552
"6204",0.72249782911839
"6205",0.7299913878498
"6206",1.55079657797161
"6207",1.6289090985476
"6208",1.97747343861814
"6209",1.41279519689981
"6210",1.35046069794416
"6211",2.87142039594174
"6212",2.35451874035215
"6213",4.32389820459288
"6214",2.78794823153765
"6215",2.51789429376917
"6216",1.28318731590891
"6217",1.5445335629686
"6218",1.43334513878477
"6219",1.14361772584437
"6220",1.79451622757781
"6221",3.39881524317918
"6222",2.96913762572887
"6223",1.89791208646717
"6224",1.55838670028575
"6225",0.954597875531668
"6226",1.01306705668929
"6227",0.935136033376543
"6228",0.930570495776059
"6229",0.884779334424906
"6230",0.932164319430899
"6231",0.790471181737757
"6232",0.928714075287388
"6233",1.14400144346292
"6234",1.19391050169244
"6235",0.932648696031196
"6236",0.769667665354854
"6237",0.817615224422441
"6238",0.835332351498842
"6239",1.20691218056039
"6240",0.549578954090188
"6241",1.15354561212198
"6242",0.802750129700354
"6243",0.317158776246717
"6244",0.239189087260829
"6245",0.320284522259023
"6246",0.552864464882783
"6247",0.478100296380501
"6248",0.631255872780219
"6249",0.345827690015653
"6250",0.436423872755432
"6251",0.767130174636871
"6252",1.23505596141486
"6253",2.48859154352974
"6254",2.15524585859626
"6255",2.69794153164535
"6256",1.315277946743
"6257",1.76556095298986
"6258",2.86738258547147
"6259",1.6760141193392
"6260",1.31498882998182
"6261",1.8865888589645
"6262",2.71519134694841
"6263",3.02336893022207
"6264",1.60045062929543
"6265",0.898302341492857
"6266",0.986578781875595
"6267",1.4617476661826
"6268",1.6679746127855
"6269",3.1566760473177
"6270",1.34413791339399
"6271",1.35226322318813
"6272",0.776870897855816
"6273",0.766657778631403
"6274",0.739484995159598
"6275",1.01164044441278
"6276",1.03738015946257
"6277",1.01028079944163
"6278",1.01166782939869
"6279",2.03938409569372
"6280",1.73398198147639
"6281",1.60091631578101
"6282",2.16753876815882
"6283",2.23237376083038
"6284",2.13810599417694
"6285",1.60028292924323
"6286",0.829766282258395
"6287",0.861106308712266
"6288",0.702835563066404
"6289",0.679209016904024
"6290",1.41000301127099
"6291",1.01325137478656
"6292",1.47009562091083
"6293",1.43940327234924
"6294",1.42174188289115
"6295",1.2751531141891
"6296",1.3831288211026
"6297",1.33989371268191
"6298",2.43767597057773
"6299",3.37804480303655
"6300",4.47795893146706
"6301",1.83886988797061
"6302",1.32714442094588
"6303",1.52525291456924
"6304",0.444125839148543
"6305",0.43930680251168
"6306",0.286057852262698
"6307",0.297508657049819
"6308",0.269495312179459
"6309",0.142739968853679
"6310",0.217617785525486
"6311",0.166852008328434
"6312",0.144549894390369
"6313",0.17165814967174
"6314",0.205194709035315
"6315",0.348955618070514
"6316",0.423895768326243
"6317",0.435108609480919
"6318",0.222850688707395
"6319",0.205189808791428
"6320",0.259661638508312
"6321",0.199941987378795
"6322",0.138775834447499
"6323",0.127144451564148
"6324",0.14814635622552
"6325",0.0642367161405945
"6326",0.0836513263230428
"6327",0.121086628297656
"6328",0.138251979719248
"6329",0.119881507034842
"6330",0.198000585564067
"6331",0.212592788406845
"6332",0.179481682304716
"6333",0.199059476639187
"6334",0.344951366812461
"6335",0.268864504311285
"6336",0.516305795862839
"6337",0.426940421330052
"6338",0.573634234805534
"6339",0.253906096390756
"6340",0.273901779334324
"6341",0.352466045016756
"6342",0.510788903793445
"6343",0.486642770004617
"6344",0.334432246381352
"6345",0.504078746560414
"6346",0.399843140837148
"6347",0.35490886575317
"6348",0.360995025666754
"6349",0.482970489600701
"6350",0.34207561450109
"6351",0.399546308039861
"6352",0.484003734700067
"6353",0.468533653592134
"6354",0.466851644227848
"6355",0.4104421615662
"6356",0.752539327588264
"6357",0.511201842387032
"6358",0.359885148831149
"6359",0.388122821393903
"6360",0.548643936945301
"6361",0.555198454605801
"6362",0.334826529062907
"6363",0.256192191279341
"6364",0.325535545769141
"6365",0.45763779647573
"6366",0.637389479246686
"6367",0.758832511733689
"6368",0.88483755394649
"6369",0.967997436802615
"6370",0.909306493720777
"6371",1.0244255971207
"6372",1.16730705960275
"6373",1.1600390125131
"6374",1.07705723921995
"6375",1.74523352609429
"6376",1.03010018251252
"6377",1.30857947137533
"6378",1.61531772739738
"6379",1.41069531157459
"6380",1.29793843236361
"6381",2.32813202638574
"6382",2.37499974094264
"6383",2.6180295414155
"6384",2.18230541425201
"6385",1.71531725615594
"6386",1.406817918224
"6387",1.77068116325515
"6388",1.46636206304201
"6389",1.58083910234083
"6390",2.1303796064269
"6391",3.42815953924192
"6392",3.0255940907353
"6393",2.26977055985681
"6394",4.32882881276814
"6395",2.52990770537403
"6396",3.346626973604
"6397",3.66923029183529
"6398",4.14924325024546
"6399",2.77513010779178
"6400",1.6379173978337
"6401",1.25398881013482
"6402",1.04326633899191
"6403",0.730824167795517
"6404",1.07818451328489
"6405",1.44715024715524
"6406",1.35111886200181
"6407",0.892204525612328
"6408",0.587652582294596
"6409",0.530217580467995
"6410",0.633219309248651
"6411",0.633378600136694
"6412",0.578396914024547
"6413",0.581983610056474
"6414",0.567439636864773
"6415",0.549144895691787
"6416",0.425299973199163
"6417",0.439664990474484
"6418",0.761140502579869
"6419",0.281824315323397
"6420",0.27030261416438
"6421",0.157898013363308
"6422",0.141312760324324
"6423",0.282050146027748
"6424",0.301596756791098
"6425",0.438831475929836
"6426",0.637441636499336
"6427",0.474423834333781
"6428",0.47391047623626
"6429",0.611734520612879
"6430",0.369201006002277
"6431",0.454081330965018
"6432",0.319682004283714
"6433",0.22384403080681
"6434",0.236900958441848
"6435",0.165897494084824
"6436",0.126342431570622
"6437",0.207582045456482
"6438",0.184730376001358
"6439",0.233749325850693
"6440",0.220806165917044
"6441",0.224194110543813
"6442",0.238043568572967
"6443",0.229141761894175
"6444",0.629725079302572
"6445",0.815976500878292
"6446",0.757769914192853
"6447",0.644583915027706
"6448",0.431285502202578
"6449",0.560839190496388
"6450",0.972322303967872
"6451",1.25446881082116
"6452",0.809952153182779
"6453",0.504041912309559
"6454",0.629816119864834
"6455",0.305068764966116
"6456",0.433580102901311
"6457",0.422616380442055
"6458",0.521743941142091
"6459",0.536197444512251
"6460",0.321360696406755
"6461",0.355975546114277
"6462",0.296690360648556
"6463",0.38840088911002
"6464",0.301684846265072
"6465",0.390871583170916
"6466",0.605685335507183
"6467",0.224010324608042
"6468",0.185876994299086
"6469",0.302272260776212
"6470",0.381111137693965
"6471",0.245234555464974
"6472",0.400191970642798
"6473",0.655393050572972
"6474",0.742557663997324
"6475",0.450432160230168
"6476",0.180166861601634
"6477",0.213281036215572
"6478",0.295517862511943
"6479",0.27894787521499
"6480",0.216077579232889
"6481",0.41140163794026
"6482",0.456139452947077
"6483",0.570860346027707
"6484",0.863740203042073
"6485",1.08883323063009
"6486",1.65763450369345
"6487",1.76087873076952
"6488",1.64369586368825
"6489",1.33221656395955
"6490",1.38519103709211
"6491",1.0191263229259
"6492",0.704177683013213
"6493",1.24012675566383
"6494",1.10579107478547
"6495",1.35788661772082
"6496",1.74931077821063
"6497",2.84047163366912
"6498",3.1166669995439
"6499",4.14683576950565
"6500",5.28668090605616
"6501",4.73010345960912
"6502",3.67961065627924
"6503",8.44102008061776
"6504",6.48885029700964
"6505",7.84656136814017
"6506",6.5895375859717
"6507",6.97343674643703
"6508",6.2388603631465
"6509",6.39637251409024
"6510",8.81768778699877
"6511",6.73091311822651
"6512",3.30737902266211
"6513",4.36339533013203
"6514",3.9366091652471
"6515",4.90419214957472
"6516",2.85169258037976
"6517",5.10223584675559
"6518",7.58857577738164
"6519",10.6042664508107
"6520",10.9269463337937
"6521",16.3176727946044
"6522",11.5461140913354
"6523",9.27075894522141
"6524",8.66701279585641
"6525",15.9989122580868
"6526",10.9014835646764
"6527",10.4156042655747
"6528",13.6090302778658
"6529",8.79676432116653
"6530",18.4380692235127
"6531",8.96064312479792
"6532",7.57961867168705
"6533",6.06761970141174
"6534",5.28432766767248
"6535",4.9014674825316
"6536",7.69411755638025
"6537",6.09515965874198
"6538",3.06540044517198
"6539",2.01846504850313
"6540",1.37075165287786
"6541",1.55112728405643
"6542",0.911306681433016
"6543",1.49820112883098
"6544",1.67585826302297
"6545",1.06445260744374
"6546",1.18572674518209
"6547",0.980644237446844
"6548",0.835228509194318
"6549",0.356755734425027
"6550",0.394952794380148
"6551",0.738254362590252
"6552",0.652029679524307
"6553",0.809075495915336
"6554",1.5193130829648
"6555",1.52576243490978
"6556",2.57073521525974
"6557",3.09077465990313
"6558",3.21880919406248
"6559",3.89614626441761
"6560",4.31554930546016
"6561",1.88892338288158
"6562",1.14186976033266
"6563",0.867192958032295
"6564",1.02866303667379
"6565",2.13680392374889
"6566",3.24419623363401
"6567",5.60763508086262
"6568",3.53451836529657
"6569",12.1407035364221
"6570",7.32694229791828
"6571",9.7839901273242
"6572",12.4573639151249
"6573",5.65900573375106
"6574",2.08190439660881
"6575",1.51481539854557
"6576",2.7707608786168
"6577",5.15709705111191
"6578",3.81190860984741
"6579",2.27522499292955
"6580",2.04162496327526
"6581",1.91967024818814
"6582",1.18735233416179
"6583",1.49185403518405
"6584",2.77408839869143
"6585",2.38856430476561
"6586",3.63105722445661
"6587",2.80430210502831
"6588",2.73408550704511
"6589",2.94442045032841
"6590",1.40950542578264
"6591",1.0415195111126
"6592",0.625243996844098
"6593",0.708983341823186
"6594",0.969901922304586
"6595",1.24132520470565
"6596",1.34399250984712
"6597",2.80832218967598
"6598",1.41239006764564
"6599",0.888809319184981
"6600",1.32720626702838
"6601",1.55159200788857
"6602",2.04793170125791
"6603",3.4156915827187
"6604",2.5276680227679
"6605",3.03715830111619
"6606",1.52421931741862
"6607",2.86255348458709
"6608",3.32218501829308
"6609",2.12698752227811
"6610",2.22717651824812
"6611",1.71737462061487
"6612",0.962386218172437
"6613",0.886807689166646
"6614",0.431187225596557
"6615",0.289502900766612
"6616",0.224484699952413
"6617",0.326026715032182
"6618",0.469140878255047
"6619",0.547391922008529
"6620",0.719967926403918
"6621",0.389493673696854
"6622",0.240572691675837
"6623",0.290056519073269
"6624",0.346433636541693
"6625",0.29873817534431
"6626",0.254117800744466
"6627",0.287833844312911
"6628",0.518220086718052
"6629",0.578083540148145
"6630",0.714771070003391
"6631",0.405870868845134
"6632",0.316969488129836
"6633",0.332787628648188
"6634",0.354937166335552
"6635",0.459525240639098
"6636",0.733569164712391
"6637",0.815880649335543
"6638",1.1394699315898
"6639",0.582910998616085
"6640",0.957580841913073
"6641",0.562637988812916
"6642",0.605393538261075
"6643",0.402900479023836
"6644",0.948550374297287
"6645",1.35907827899226
"6646",1.16133016418087
"6647",0.958494097223888
"6648",0.454838846308388
"6649",0.483074429031384
"6650",0.586676680065195
"6651",0.65561579868121
"6652",1.58246138186765
"6653",0.938647241876683
"6654",0.911522091318489
"6655",1.53529614084679
"6656",2.02557612374804
"6657",1.24053440688499
"6658",1.00491368833854
"6659",1.64088054530462
"6660",1.59144898336529
"6661",2.06809215160032
"6662",1.64722835168497
"6663",2.65946854169016
"6664",4.82933954037338
"6665",7.51473349640934
"6666",11.0326491111256
"6667",9.72767812326426
"6668",8.94507027571918
"6669",3.8788396132228
"6670",8.81896733432673
"6671",10.3676071718554
"6672",15.991735030278
"6673",6.98873810116018
"6674",8.86305192561846
"6675",5.5001163891124
"6676",4.32368647945814
"6677",5.52595361045061
"6678",4.58386473697924
"6679",4.04669066118578
"6680",3.11179606743741
"6681",2.56311540918619
"6682",1.46294500546551
"6683",2.37821821729309
"6684",2.54052858701675
"6685",1.31938888207972
"6686",1.59468608374896
"6687",0.854453181440996
"6688",1.29352923442457
"6689",1.03813390080611
"6690",1.06209550496947
"6691",0.6477280035132
"6692",1.69306577756353
"6693",1.30885646712132
"6694",0.882044442702381
"6695",0.810741622716854
"6696",0.656518593564029
"6697",0.735808276918953
"6698",0.535069161881419
"6699",0.67552020423245
"6700",0.600561218533912
"6701",0.334951515482854
"6702",0.715100465399277
"6703",0.580569033950226
"6704",0.417869110081093
"6705",0.346776714911955
"6706",0.220585806205648
"6707",0.207438677649406
"6708",0.192736192431369
"6709",0.243942439884904
"6710",0.262150367101142
"6711",0.302114979444004
"6712",0.306682582056571
"6713",0.660742499113478
"6714",0.674421594679143
"6715",0.758006088667385
"6716",0.35659876199584
"6717",0.236944156335479
"6718",0.395002178813465
"6719",0.334947158888987
"6720",0.435246932560559
"6721",0.356822679620432
"6722",0.329750205448426
"6723",0.33603717123991
"6724",0.515667833867421
"6725",0.935624030167446
"6726",1.37040700692266
"6727",1.70668072943105
"6728",0.94293845020829
"6729",1.66792978113468
"6730",0.941760952220091
"6731",0.393222878576319
"6732",0.472685896983042
"6733",0.641614097809567
"6734",0.877421438187712
"6735",0.492961672848509
"6736",0.508457715537327
"6737",0.468079801964823
"6738",0.453318325680978
"6739",0.852830420768047
"6740",1.40784841711892
"6741",2.46002501064364
"6742",2.83117776257684
"6743",2.69688580937006
"6744",2.59937559138104
"6745",1.76065147945504
"6746",1.86369807199922
"6747",3.13811245669431
"6748",2.32114323348043
"6749",1.2161139946242
"6750",1.27135520269381
"6751",1.37919614928023
"6752",0.727972375697779
"6753",0.68738075947284
"6754",1.16755851851187
"6755",1.790211774925
"6756",3.15163402404569
"6757",3.92794132324822
"6758",1.29805438916133
"6759",0.669286947986132
"6760",0.682988924923426
"6761",1.02733430047084
"6762",1.59796398136689
"6763",1.30761484025666
"6764",2.65821220053385
"6765",2.52622465987083
"6766",1.83515286263124
"6767",1.44759129500971
"6768",1.58816743000997
"6769",3.17833611106392
"6770",3.79703662565966
"6771",4.72021346907919
"6772",4.92733695671199
"6773",2.90329173886315
"6774",2.61649739419079
"6775",3.19534831364847
"6776",3.12158958093592
"6777",1.81317214995911
"6778",1.65250117784386
"6779",1.38329486271481
"6780",2.01004726985812
"6781",1.75446685103828
"6782",0.901760885914946
"6783",1.14663983292454
"6784",1.09400687589478
"6785",1.60265688137462
"6786",1.50524206169936
"6787",0.712816371876118
"6788",0.68545732205107
"6789",0.606448426767172
"6790",0.876085998873666
"6791",0.804738697087792
"6792",1.11322343538111
"6793",0.888149759446281
"6794",0.835242902086407
"6795",0.430512673905382
"6796",0.418046921028591
"6797",0.439597770793401
"6798",0.482625701318822
"6799",0.46718212542866
"6800",0.525589722288172
"6801",0.306155449208307
"6802",0.266598949805867
"6803",0.307055079216278
"6804",0.40449237882583
"6805",0.331604716044048
"6806",0.329635610168383
"6807",0.481575250177405
"6808",0.617244389918989
"6809",0.655024902756238
"6810",0.484570664234367
"6811",0.384264007807911
"6812",0.444862337735534
"6813",0.475841410499282
"6814",0.716347584179793
"6815",0.404896439770778
"6816",0.789507801053974
"6817",0.399179497068111
"6818",0.391455712061772
"6819",0.626379177979244
"6820",0.561025545318444
"6821",0.522774575662574
"6822",0.68446693733097
"6823",0.484316441341071
"6824",0.342819538225186
"6825",0.505323730499987
"6826",0.341761372543998
"6827",0.500840201031513
"6828",0.420538236065698
"6829",0.985962674157231
"6830",0.724636090864894
"6831",0.741746467469251
"6832",1.14821777475357
"6833",0.999794077192777
"6834",0.54565650675765
"6835",0.392093064271528
"6836",0.568834086584115
"6837",0.505084354444218
"6838",0.439969927201475
"6839",0.376377791952417
"6840",0.259453767365872
"6841",0.446829956133394
"6842",0.808574190915822
"6843",1.03297514412914
"6844",1.43462830506406
"6845",1.48739130276964
"6846",1.14861594211199
"6847",1.03883426668676
"6848",0.646556527670588
"6849",1.5400384177491
"6850",0.829439667980446
"6851",0.9981007131612
"6852",1.13540817960652
"6853",1.02547593140379
"6854",1.08534391264215
"6855",1.22091936072032
"6856",2.20187091008023
"6857",1.08522566240829
"6858",1.19692011540326
"6859",4.52944065063511
"6860",6.74727642808102
"6861",8.43435545713879
"6862",5.73783614571178
"6863",6.20161710482604
"6864",5.79637700425151
"6865",5.19197287471131
"6866",5.8739295513507
"6867",4.71495972535558
"6868",3.86757192890824
"6869",4.03531977003311
"6870",5.14128238657542
"6871",3.34004689243413
"6872",3.6589325712973
"6873",4.06931211141418
"6874",8.18316464167109
"6875",7.11595890663299
"6876",10.5120550441326
"6877",9.60993970030305
"6878",4.78036632324158
"6879",4.97424410307227
"6880",5.08355298637688
"6881",2.30383270248332
"6882",2.49461313174654
"6883",1.55985810465938
"6884",1.35327638883686
"6885",0.635008216957981
"6886",0.598765968532115
"6887",1.08818531611327
"6888",1.31884863743902
"6889",2.19976970998263
"6890",3.36054314335699
"6891",2.38955728830912
"6892",2.25989387314137
"6893",2.76917157621445
"6894",1.5828925409267
"6895",1.22157974934776
"6896",1.63502646177141
"6897",1.21291464796466
"6898",0.718921938931935
"6899",0.854921950900937
"6900",0.611842646663675
"6901",1.57046451368273
"6902",1.35262622252732
"6903",1.16724269250967
"6904",1.84345431211364
"6905",1.20776351257159
"6906",0.75873937100199
"6907",0.803725730312132
"6908",0.63605223013661
"6909",0.520529771286392
"6910",0.365919977073563
"6911",0.419496476930619
"6912",0.565846938165569
"6913",0.683019122558894
"6914",0.547928151371459
"6915",0.89409599230051
"6916",0.859171474286384
"6917",0.435323497136282
"6918",0.367481101704791
"6919",0.494905800742829
"6920",0.501006803745042
"6921",0.56745178299601
"6922",0.775612734099278
"6923",0.393236435374186
"6924",0.34631386474165
"6925",0.427292305750075
"6926",0.42753323906568
"6927",0.58802653774477
"6928",0.910443328160347
"6929",0.675728379063596
"6930",0.911408990578048
"6931",1.13010556296008
"6932",1.81302441073704
"6933",0.567101532026048
"6934",0.500292820501299
"6935",0.568206791790004
"6936",0.4037890699599
"6937",0.346682682359638
"6938",0.295217726848598
"6939",0.52182131281682
"6940",0.465513820401385
"6941",0.587825798909327
"6942",0.805218455585945
"6943",0.703957465566411
"6944",0.886849489493829
"6945",1.50345953283413
"6946",1.2380336432313
"6947",1.02663982797539
"6948",0.660937641790042
"6949",0.424996973983692
"6950",0.325683674387465
"6951",0.627992566289942
"6952",0.836638349066342
"6953",0.837885513068966
"6954",1.11230037261928
"6955",0.783663258779012
"6956",1.74947374962939
"6957",2.20352627352226
"6958",1.80407650203701
"6959",3.989789950351
"6960",3.32005417799007
"6961",3.61287481971268
"6962",3.50618822827641
"6963",2.53412218864213
"6964",1.05089100618883
"6965",0.983000386679894
"6966",0.953896622604882
"6967",0.743174901258745
"6968",0.568097916432962
"6969",0.888547383932331
"6970",0.90436633576847
"6971",0.906550946002099
"6972",1.00454240921776
"6973",0.729015993874658
"6974",1.08854934645794
"6975",1.29948049267358
"6976",1.71227078210039
"6977",2.61664184728518
"6978",1.87461001418521
"6979",1.52542488110252
"6980",2.67175124193073
"6981",5.80608039726834
"6982",6.93824931125038
"6983",7.96975131662086
"6984",4.84393005455361
"6985",4.0139879204029
"6986",4.22627735326984
"6987",3.64013869296978
"6988",2.38015576622869
"6989",2.72969177548158
"6990",2.48851704543825
"6991",2.11234108407276
"6992",1.8736175094785
"6993",3.08813788264621
"6994",5.19883024278575
"6995",6.07113875879861
"6996",3.45733258763974
"6997",2.35973879817845
"6998",1.71849883039361
"6999",1.49712756345194
"7000",0.595928142517624
"7001",0.641192137282799
"7002",0.497113503732636
"7003",0.759342779365039
"7004",0.648729868184542
"7005",1.35215589192874
"7006",0.556959072576897
"7007",0.536485750881395
"7008",0.88854889993066
"7009",1.01555363873425
"7010",1.46488662554918
"7011",1.41472016423024
"7012",1.68639862216126
"7013",1.65228403532317
"7014",2.27972387765328
"7015",1.80474945894985
"7016",1.37720897814461
"7017",0.951652543578924
"7018",1.03952458419445
"7019",0.962762459643048
"7020",0.867365929114744
"7021",1.21445487424589
"7022",0.979992741731495
"7023",1.70592574029237
"7024",1.3383720883418
"7025",1.49692633842269
"7026",2.05309959818891
"7027",1.69060370179649
"7028",1.5146900000414
"7029",0.70118773155264
"7030",1.20513879134559
"7031",1.30959993494225
"7032",1.37892548012555
"7033",1.854066741311
"7034",1.58508404928119
"7035",1.52158634459475
"7036",1.25889643056668
"7037",1.76692331337398
"7038",3.57313449188679
"7039",2.86517013481663
"7040",1.81379353342362
"7041",1.23830663252268
"7042",1.00893137023563
"7043",1.70209130347443
"7044",1.65449770670159
"7045",1.5680635664153
"7046",1.68707602128191
"7047",1.15255595560001
"7048",1.12482989679185
"7049",0.527154737290132
"7050",0.990969579987526
"7051",1.25192890044258
"7052",1.91861430521102
"7053",1.96784401603883
"7054",1.74866110375377
"7055",2.35337157558961
"7056",4.27150152088488
"7057",1.92267026684413
"7058",2.46727493390938
"7059",1.37191634602499
"7060",1.97070178272462
"7061",1.77536282879367
"7062",2.29659065212329
"7063",1.98029875377945
"7064",1.38636900775238
"7065",1.25028790848601
"7066",2.4459812084797
"7067",3.1200042280351
"7068",3.40824724572776
"7069",4.08128209909633
"7070",7.77101003208233
"7071",6.19818349432483
"7072",5.0744016724334
"7073",5.02606224795095
"7074",3.99126638061154
"7075",2.74212174046255
"7076",2.62757058928384
"7077",3.90153300029971
"7078",4.08215478608467
"7079",4.51264672186477
"7080",3.07690662187788
"7081",1.86564942954796
"7082",1.01697734818871
"7083",0.762296305819046
"7084",0.70572605429184
"7085",0.578208919901895
"7086",0.606154515678004
"7087",0.636696530099214
"7088",0.974921867729276
"7089",0.864834866519016
"7090",0.934304495953272
"7091",1.07994760779261
"7092",0.733743759719353
"7093",0.770728398391401
"7094",0.895558547466634
"7095",0.84511149338261
"7096",0.727948939807456
"7097",0.543501165790931
"7098",0.547526136448362
"7099",0.563876016703747
"7100",0.407770094438752
"7101",0.233757525245059
"7102",0.354479474358723
"7103",0.44442340363018
"7104",0.358047130941864
"7105",0.2835090021763
"7106",0.357393048164991
"7107",0.311353645867978
"7108",0.350026731123056
"7109",0.270805334368663
"7110",0.32152281246473
"7111",0.20741633876574
"7112",0.421866529833527
"7113",0.52511101997312
"7114",0.403296699975493
"7115",0.753925926446419
"7116",0.937362001823197
"7117",1.25636761850786
"7118",2.11725788601744
"7119",2.31687641941175
"7120",4.22797754496086
"7121",9.35805801944691
"7122",17.6688626304097
"7123",14.0044704879737
"7124",8.01418555796731
"7125",6.67174271146855
"7126",2.43064016901126
"7127",2.97176063523774
"7128",2.34025960689085
"7129",1.6369263078153
"7130",1.42489379084547
"7131",1.22955234393888
"7132",1.60036821398401
"7133",2.37777915069302
"7134",2.5139342028402
"7135",2.36025988274816
"7136",2.59850359972038
"7137",2.41545674702384
"7138",2.66944143384295
"7139",2.11660825420756
"7140",2.84851660710877
"7141",3.67500877261456
"7142",4.52236659236
"7143",4.15023407599515
"7144",7.54585768748495
"7145",7.7910821238465
"7146",6.87210363352601
"7147",13.1217154691615
"7148",18.4991598657291
"7149",8.48658037371766
"7150",8.02031871763196
"7151",13.7290461820631
"7152",13.8828905553742
"7153",8.45658347129561
"7154",11.2273599084379
"7155",6.90436864374261
"7156",4.69189704592922
"7157",4.27799061656302
"7158",3.52984315120642
"7159",2.66089277744058
"7160",3.47521483517958
"7161",2.36099237424287
"7162",1.87452652585398
"7163",1.31514976720545
"7164",1.36711965726212
"7165",1.66991434114031
"7166",1.18061808808553
"7167",1.23908590054633
"7168",1.41269957163496
"7169",1.41598463430255
"7170",0.865715751228148
"7171",1.22082979514627
"7172",0.765869601880172
"7173",0.785803557440267
"7174",0.444477133473526
"7175",0.395842613061114
"7176",0.402280892861781
"7177",0.292431794027636
"7178",0.219531540286601
"7179",0.2369294691768
"7180",0.220065279444179
"7181",0.265639352185453
"7182",0.297624892435225
"7183",0.306498224572872
"7184",0.591670646206843
"7185",0.713360718095164
"7186",0.635344031325081
"7187",0.604854956169386
"7188",0.468889832809159
"7189",0.638684678341796
"7190",0.537123925649899
"7191",1.01545713451046
"7192",1.23836510977281
"7193",1.10552891712297
"7194",1.1511559972276
"7195",1.05741414270828
"7196",1.48524530332031
"7197",0.733426541797247
"7198",0.814502415984951
"7199",0.61010209870981
"7200",0.497052817521216
"7201",0.895562704418213
"7202",1.0323796723791
"7203",1.32257977364683
"7204",1.1307216794386
"7205",1.31581553879373
"7206",1.06914009639453
"7207",0.63799387172828
"7208",0.767449412388661
"7209",0.546848078976881
"7210",0.662501419952464
"7211",0.561374742116798
"7212",0.361615243310983
"7213",0.422978446632499
"7214",0.421905201287081
"7215",0.463186533387356
"7216",0.253399604150829
"7217",0.333827302156768
"7218",0.393022050044093
"7219",0.401383027500995
"7220",0.350212690936804
"7221",0.421023135438745
"7222",0.511598407720122
"7223",0.563388343135348
"7224",0.84844503434261
"7225",0.475398608586289
"7226",0.348852219652218
"7227",0.482867986446917
"7228",0.630442678036982
"7229",0.914802843065239
"7230",0.98844964160096
"7231",0.584648731888891
"7232",1.05015189485684
"7233",1.01087380729187
"7234",0.784624444091117
"7235",0.955904854921108
"7236",0.843008296667246
"7237",1.14613782119527
"7238",1.57792558067633
"7239",2.75868312818734
"7240",6.01064671394714
"7241",10.2203741900609
"7242",9.71956804359157
"7243",9.75429722657163
"7244",18.5396272062089
"7245",28.5505894471931
"7246",28.2896477510397
"7247",15.7438324199517
"7248",9.47714421715517
"7249",8.28306857628534
"7250",3.24541793848293
"7251",3.16321548371315
"7252",2.11580347660454
"7253",1.91581059717489
"7254",1.51071524685183
"7255",1.80222333384776
"7256",1.61567318818155
"7257",3.37734008999336
"7258",3.28613030120303
"7259",3.91351902125272
"7260",2.25641967114463
"7261",3.90456154062797
"7262",2.7183817701775
"7263",4.03969546722209
"7264",4.99930970198741
"7265",3.55211536413549
"7266",1.73702736622099
"7267",1.21294138357863
"7268",2.34712357156458
"7269",1.84464340208641
"7270",2.02096238101233
"7271",1.36813630443673
"7272",1.90477817502938
"7273",1.20467902987449
"7274",1.56086966274016
"7275",1.45583820410402
"7276",2.28729283862789
"7277",1.73705970395305
"7278",1.53039256846592
"7279",1.58785257783002
"7280",1.03536768690735
"7281",0.967479431064257
"7282",1.14430521297287
"7283",1.32534501070612
"7284",0.830752533580303
"7285",1.44280354097223
"7286",1.51804934151776
"7287",1.11207435530872
"7288",1.04920449793116
"7289",1.89571962310557
"7290",1.48394510670907
"7291",0.78758302000759
"7292",0.752455562759718
"7293",1.14818607711263
"7294",0.4279005495714
"7295",0.544607692370365
"7296",0.454209269576983
"7297",0.315260449328755
"7298",0.241052742817501
"7299",0.1696807695511
"7300",0.167777544412613
"7301",0.188263924118806
"7302",0.18248493093576
"7303",0.175477105463955
"7304",0.162109597773612
"7305",0.290740327351923
"7306",0.352627992359909
"7307",0.243908178700279
"7308",0.172776654926361
"7309",0.211006151851967
"7310",0.208544811152338
"7311",0.212145372665101
"7312",0.265550156200976
"7313",0.248966959233765
"7314",0.158506978750978
"7315",0.116206770704483
"7316",0.122871921514985
"7317",0.117336634425886
"7318",0.268319358011876
"7319",0.523992398903178
"7320",0.269937439575888
"7321",0.23367625474076
"7322",0.20589566505028
"7323",0.209989227465897
"7324",0.338373386903058
"7325",0.29730099341262
"7326",0.199317351455425
"7327",0.474966167878956
"7328",0.775903043508473
"7329",0.50829259863192
"7330",0.552942847168373
"7331",0.564385908489268
"7332",0.316195966063644
"7333",0.461788001814421
"7334",0.584332934935456
"7335",0.294149268754235
"7336",0.190301433743516
"7337",0.240133184435616
"7338",0.395128946092093
"7339",0.501956070599776
"7340",0.471597056490225
"7341",0.674596672646433
"7342",0.795630970206835
"7343",0.350610189131406
"7344",0.221528661260531
"7345",0.217343695679821
"7346",0.241903759824999
"7347",0.225822012514054
"7348",0.17405292938231
"7349",0.279249505624846
"7350",0.396544176495868
"7351",0.541246605873156
"7352",0.344807732266569
"7353",0.270151543344788
"7354",0.681542807866882
"7355",1.30942159882135
"7356",1.40148780584166
"7357",1.51498652945008
"7358",1.98135075976839
"7359",1.48404403414898
"7360",2.74314206214359
"7361",2.67428681332719
"7362",2.04923455304069
"7363",2.66987484342952
"7364",2.29460892287751
"7365",1.52870319877893
"7366",1.64606139511851
"7367",1.74737165305699
"7368",1.50568529576486
"7369",2.07595682145319
"7370",1.5867784442532
"7371",1.33693072242746
"7372",1.89900275798266
"7373",2.21950977171439
"7374",2.72819216676833
"7375",0.818385117444077
"7376",0.681839832073212
"7377",0.715303344363287
"7378",0.714373968508071
"7379",0.731949165002775
"7380",0.487254386342461
"7381",0.446008863971352
"7382",0.48918142722841
"7383",0.625590225602562
"7384",0.560319998327984
"7385",0.566106335795992
"7386",0.466428263906194
"7387",0.40367510428178
"7388",0.264436150632223
"7389",0.433766343641283
"7390",0.358408216056823
"7391",0.340541278385507
"7392",0.435170671351377
"7393",0.502723136326774
"7394",0.884763964720884
"7395",1.45038620568049
"7396",1.00486381002106
"7397",0.671505374147692
"7398",0.704553218128634
"7399",0.635472606572573
"7400",0.963683218541003
"7401",1.22845396738281
"7402",1.20726401686763
"7403",0.773800556653982
"7404",1.1117273432263
"7405",0.895195106669812
"7406",0.748487657709849
"7407",0.508580122523669
"7408",0.375901452959284
"7409",0.446810404983497
"7410",0.395753412305227
"7411",0.531054396610528
"7412",0.508288963372338
"7413",0.827524777704862
"7414",1.02907299180939
"7415",0.728143061628646
"7416",0.881624830897003
"7417",0.671760164086928
"7418",0.700124742326186
"7419",0.801254814361427
"7420",1.20973404157578
"7421",1.22168735456903
"7422",1.97861135148135
"7423",2.62526438780647
"7424",1.63788668390072
"7425",0.970579394951591
"7426",1.074942088001
"7427",1.15720041172945
"7428",1.20748619129861
"7429",1.1526304292873
"7430",0.925296201715072
"7431",0.927703669619985
"7432",0.527889847532866
"7433",0.577916720111109
"7434",0.611466701156296
"7435",0.651590651066949
"7436",0.511159624418409
"7437",0.628994835117304
"7438",0.612467434913669
"7439",0.465951343707649
"7440",0.397027905193107
"7441",0.240921298280344
"7442",0.553082346715016
"7443",0.345852343707066
"7444",0.485964897599675
"7445",0.465384569761479
"7446",0.305077255559684
"7447",0.54648991215104
"7448",0.452839992667084
"7449",0.392082052488685
"7450",0.91222058574828
"7451",1.9837543968219
"7452",2.61969662469241
"7453",3.90450966138346
"7454",5.61749815775541
"7455",5.34542679946376
"7456",4.64878435341746
"7457",3.31621905212457
"7458",4.13362933630889
"7459",5.23905686414429
"7460",2.26052042966355
"7461",4.39361765227757
"7462",2.87399887319146
"7463",3.28268732859915
"7464",4.72139916981238
"7465",1.81853612520859
"7466",1.61584509563404
"7467",1.22523247392727
"7468",0.818866229144526
"7469",0.92258032682765
"7470",0.730027260364359
"7471",1.01467857671338
"7472",1.28796113545867
"7473",0.795165789664631
"7474",0.943344936410551
"7475",0.684046892566396
"7476",1.22481397361185
"7477",0.936646343597294
"7478",1.01791990804772
"7479",1.13663198783663
"7480",0.880770513879581
"7481",0.603553925871556
"7482",0.749763685714558
"7483",0.559976007041168
"7484",0.480044661862497
"7485",0.503106572585042
"7486",0.433510749652545
"7487",0.548121977634762
"7488",0.561027386503888
"7489",0.560946157690394
"7490",1.14957318287507
"7491",0.738191872237875
"7492",0.678158940640585
"7493",0.701537255473395
"7494",0.631871182452411
"7495",0.823413181878177
"7496",0.438336519058229
"7497",0.301440980057092
"7498",0.311688425847786
"7499",0.222468895841904
"7500",0.391623586119397
"7501",0.498461194987945
"7502",0.730843679847118
"7503",0.879081219620593
"7504",0.7891864140966
"7505",0.662726022493025
"7506",1.17103694429055
"7507",1.7775422212453
"7508",1.98992617448187
"7509",1.69031394327174
"7510",1.27018853289581
"7511",1.59419654678129
"7512",1.05404538429871
"7513",0.947847941159929
"7514",0.9411686293979
"7515",0.680760149991961
"7516",0.694409145993479
"7517",0.441227016341025
"7518",1.96374362874683
"7519",0.809963936958129
"7520",0.701461756412165
"7521",0.76133564977562
"7522",1.10655658787871
"7523",0.850927723801547
"7524",0.806849128203414
"7525",1.00941007084922
"7526",0.785394044437345
"7527",0.471605104505058
"7528",0.36979610162756
"7529",0.569764734813276
"7530",0.398293931717364
"7531",0.202137906760472
"7532",0.237998479804152
"7533",0.268324865951136
"7534",0.279015546552144
"7535",0.360673014026648
"7536",0.324877850407093
"7537",0.430188265295259
"7538",0.190186879485683
"7539",0.31655325887962
"7540",0.573819089149124
"7541",0.796521169198015
"7542",0.733348944300315
"7543",1.13540463670945
"7544",1.11673424280398
"7545",1.08897447104265
"7546",1.2711265681644
"7547",1.01467353266193
"7548",0.850161088003987
"7549",1.21104917703421
"7550",0.759208183867373
"7551",0.746102260081415
"7552",0.697905457458422
"7553",0.435364486761817
"7554",0.397700171848819
"7555",0.526618475122641
"7556",0.486098814473304
"7557",0.395339047525793
"7558",0.836446576999318
"7559",0.624768130330315
"7560",1.26824552359133
"7561",1.00813922974162
"7562",0.902582333661117
"7563",1.36867967159755
"7564",1.41940769407885
"7565",1.05674370389072
"7566",0.479200128425005
"7567",0.353561559353772
"7568",0.460860311782475
"7569",0.403451502387982
"7570",0.51601179406076
"7571",1.05051861389147
"7572",0.768991736535262
"7573",1.1885955520689
"7574",1.92362242098109
"7575",1.72309205829551
"7576",1.81696226895313
"7577",0.882368204650045
"7578",0.601106340594772
"7579",0.66781270610601
"7580",0.810591615164883
"7581",0.538507667557496
"7582",0.357780359982918
"7583",0.218094624355882
"7584",0.340665780844377
"7585",0.294884963993884
"7586",0.442417765694911
"7587",0.589614508756564
"7588",0.559076940806971
"7589",0.559738254205559
"7590",0.762320707352494
"7591",0.568689385285551
"7592",0.544030923484752
"7593",0.303188661538784
"7594",0.2357028037109
"7595",0.416043898804328
"7596",0.48234225623074
"7597",0.561996272667179
"7598",0.313184724446665
"7599",0.434642809412598
"7600",0.272273261009754
"7601",0.320571545676691
"7602",0.458844595551355
"7603",0.482842940899844
"7604",0.386507169476438
"7605",0.407543861783167
"7606",0.422613602935687
"7607",0.335882888492377
"7608",0.306460201349087
"7609",0.301558193957146
"7610",0.382401344841176
"7611",0.261982232669192
"7612",0.392271763581569
"7613",0.17323666038016
"7614",0.307632622329754
"7615",0.170360999510745
"7616",0.200936397445609
"7617",0.176795671331119
"7618",0.127703018087106
"7619",0.143821574532729
"7620",0.128079532981575
"7621",0.0729952511541468
"7622",0.0971765686782197
"7623",0.140349802346775
"7624",0.16872756987817
"7625",0.108621796822193
"7626",0.0980136058507777
"7627",0.141835401375307
"7628",0.293908968117598
"7629",0.196368262131879
"7630",0.290936174942217
"7631",0.239083132688559
"7632",0.403237366774135
"7633",0.477871681870398
"7634",0.396165717379692
"7635",0.944205277600368
"7636",0.987328842771901
"7637",0.913200064337449
"7638",1.25028923432418
"7639",1.20021113141958
"7640",0.8149799289945
"7641",0.360712543119033
"7642",0.33992418343932
"7643",0.439563257006525
"7644",0.65493778339549
"7645",1.56299035879504
"7646",2.17549974136104
"7647",2.47696741021343
"7648",2.59197174265731
"7649",2.62934744436761
"7650",2.1818296461506
"7651",0.947587308572289
"7652",1.34173221599828
"7653",1.1930893486495
"7654",1.51328149749763
"7655",1.32522295192372
"7656",1.81710577922742
"7657",2.33117338705301
"7658",1.80180031642208
"7659",1.37842888421323
"7660",0.777773974384899
"7661",0.493407137618566
"7662",0.589977383363834
"7663",1.61839239251777
"7664",2.27246370951543
"7665",1.31294744605406
"7666",1.09407831127747
"7667",1.32784159793988
"7668",1.91175040920064
"7669",1.29957751054075
"7670",0.637345182040727
"7671",1.50240889774202
"7672",1.68440466295748
"7673",0.962286588372078
"7674",1.49883519549573
"7675",1.64682367756049
"7676",2.68681882935579
"7677",4.6272556519941
"7678",4.54415529266689
"7679",5.0128601525458
"7680",7.66542177091974
"7681",11.9858151091445
"7682",9.11680662752425
"7683",11.0845833069041
"7684",10.7854051664583
"7685",13.7046674032759
"7686",10.2873763937512
"7687",11.6961633709761
"7688",12.5151548097505
"7689",11.3327527766858
"7690",6.251283860576
"7691",5.51893987320981
"7692",5.00518101802219
"7693",3.60650002818188
"7694",3.20569153432311
"7695",2.55877526285447
"7696",1.21472043510874
"7697",1.51664981617673
"7698",0.901416108379608
"7699",0.733895368225876
"7700",0.671362368557805
"7701",0.440630599995017
"7702",0.645556506099846
"7703",0.343862561884375
"7704",0.773875576665419
"7705",1.23720484070258
"7706",0.760957941919188
"7707",1.22862298644729
"7708",0.811727822848152
"7709",0.920544178169724
"7710",0.730689452134422
"7711",1.07974283159254
"7712",0.680596551522765
"7713",0.606442910811722
"7714",0.845566651272602
"7715",0.87371894474291
"7716",0.812198258844778
"7717",1.02877450110717
"7718",1.83763973692849
"7719",1.42666854608051
"7720",1.76012477067388
"7721",1.65781571479911
"7722",1.10730248781955
"7723",1.04857326064149
"7724",0.739559480167885
"7725",0.670274924431562
"7726",0.374957088107607
"7727",0.472555844431672
"7728",0.351482955651864
"7729",0.391392031328555
"7730",0.55322708344746
"7731",0.459106091731869
"7732",0.471328488853584
"7733",0.484209431427461
"7734",0.55865059098778
"7735",0.287319146051086
"7736",0.55799960169483
"7737",0.469775590293432
"7738",0.729816852488575
"7739",0.850362971390093
"7740",1.18866046680764
"7741",0.780514057141621
"7742",0.944367589908492
"7743",0.79039911618843
"7744",0.417686588217911
"7745",0.742596679541449
"7746",1.08657775471518
"7747",1.01792844077038
"7748",1.4278111424375
"7749",1.89484398198079
"7750",3.09741031573412
"7751",3.76618787786007
"7752",3.88108586192588
"7753",3.24265845485279
"7754",4.53746862105525
"7755",4.89165925090663
"7756",8.51902834841526
"7757",8.10847687261492
"7758",10.4130021809437
"7759",7.63830947328989
"7760",8.92617521768964
"7761",15.4028569866033
"7762",6.77718752928589
"7763",3.61726952911859
"7764",2.66367556152078
"7765",3.69820964336806
"7766",4.4530506053142
"7767",5.23832568122403
"7768",5.4225575464283
"7769",6.45025572520479
"7770",3.84406347847783
"7771",4.22476588110855
"7772",4.00843283731366
"7773",4.40005202920186
"7774",3.46980180581656
"7775",1.73469256995755
"7776",1.89463993926793
"7777",2.17866184332695
"7778",2.59669185419579
"7779",2.42718877322508
"7780",2.1054587648495
"7781",1.42184510671623
"7782",1.26026363634514
"7783",0.957460764966936
"7784",0.94480382283559
"7785",0.586958262517522
"7786",0.465782268185465
"7787",0.478491228257392
"7788",0.336506676668374
"7789",0.4164831153692
"7790",0.287594694682076
"7791",0.331137453459243
"7792",0.201100105357886
"7793",0.279213722669168
"7794",0.27876629844486
"7795",0.25761425382013
"7796",0.458532400137135
"7797",0.396911117999463
"7798",0.426676708633977
"7799",0.744193627239177
"7800",0.329834801701195
"7801",0.229048604264095
"7802",0.147832082247788
"7803",0.333450035658566
"7804",0.391824269611257
"7805",0.384896601312817
"7806",0.494305127086831
"7807",0.373161273206656
"7808",0.331678448233303
"7809",0.332110872530812
"7810",0.37721932543598
"7811",0.872264958539141
"7812",1.96868209265925
"7813",1.72863233868233
"7814",2.10572736035717
"7815",2.50061178883396
"7816",2.13602512763686
"7817",1.61841964713921
"7818",1.70846220017402
"7819",0.925482123647157
"7820",0.707777802757982
"7821",0.610990440572327
"7822",0.605123325398292
"7823",0.751880781013526
"7824",0.773169979316639
"7825",0.452453817385316
"7826",0.299771063104013
"7827",0.275523348906002
"7828",0.333584117385961
"7829",0.434856411256926
"7830",0.314737906166875
"7831",0.417503627861873
"7832",0.624745131605211
"7833",0.656022885106994
"7834",1.07763650636648
"7835",0.981155171865076
"7836",0.741300915844416
"7837",1.27391475752033
"7838",1.38760554091645
"7839",4.00613642898595
"7840",3.50347120384302
"7841",3.80479760868523
"7842",2.49839699206526
"7843",3.73168256042664
"7844",3.03568972351812
"7845",2.08745152314193
"7846",2.82854027711522
"7847",1.76449246257009
"7848",1.95341713792059
"7849",1.11743835737863
"7850",1.45796455053845
"7851",2.48835868875871
"7852",1.86930745911285
"7853",3.44248979889806
"7854",2.55061483333876
"7855",1.18407621794493
"7856",0.973506311303126
"7857",0.7564983804781
"7858",1.03526894131954
"7859",1.18791504959251
"7860",1.25819025338698
"7861",2.39905226001412
"7862",3.93653721906124
"7863",2.10277375357082
"7864",1.61532942323501
"7865",0.871701377637236
"7866",0.771280594810352
"7867",1.15650513027183
"7868",1.32611156186441
"7869",2.83591246046514
"7870",1.47509161967454
"7871",1.99445086724391
"7872",1.80522461774406
"7873",1.12464754212617
"7874",1.51432593658636
"7875",1.54755523283752
"7876",1.07382805138578
"7877",1.01328385931405
"7878",0.5801524018222
"7879",0.542996989341548
"7880",0.894799607725043
"7881",1.39511662263104
"7882",1.72790351213522
"7883",2.67081157383693
"7884",1.8888764335227
"7885",1.457375751316
"7886",1.16602736419434
"7887",0.797643673187646
"7888",0.328131877891575
"7889",0.327872824864677
"7890",0.353313530971926
"7891",0.339440938015257
"7892",1.26259533782013
"7893",1.53389046338322
"7894",0.819165837295753
"7895",1.31729960504464
"7896",1.09910717766715
"7897",1.78891106105544
"7898",3.60939926799906
"7899",3.97021254096637
"7900",1.41740001127456
"7901",1.3534941508886
"7902",0.870145997535237
"7903",0.782260077188627
"7904",1.34555793355244
"7905",0.905697230083577
"7906",0.88868851588221
"7907",1.00102263048364
"7908",1.18478515378551
"7909",1.07496027476638
"7910",1.46970433617439
"7911",1.48793039936836
"7912",1.70197090538886
"7913",0.913536427460428
"7914",0.742870710063543
"7915",0.940773999454568
"7916",1.76062314167052
"7917",0.93733883352469
"7918",0.807815114950014
"7919",0.887223163163833
"7920",1.57573617746182
"7921",1.94999764809009
"7922",1.10148912190701
"7923",1.06731920007035
"7924",1.06292237457759
"7925",1.14019834968037
"7926",1.01649014369348
"7927",1.42299406641141
"7928",1.87268426837685
"7929",2.60506491620096
"7930",1.52161698355891
"7931",0.892138803509419
"7932",0.614757785344635
"7933",0.72305332968209
"7934",0.661509686299878
"7935",0.709511371027641
"7936",0.807202596813207
"7937",1.36646751633365
"7938",2.01182420394631
"7939",1.74041823066443
"7940",2.17147036358313
"7941",3.0481167019587
"7942",4.32263649378034
"7943",2.19458094656399
"7944",3.06342658465991
"7945",5.07984956001117
"7946",7.05113180678668
"7947",8.64210061432794
"7948",3.63459901786316
"7949",3.28684157752602
"7950",3.52378677862214
"7951",3.47363267827013
"7952",3.28932600250027
"7953",2.42922484211944
"7954",1.59924730246276
"7955",1.59265174307033
"7956",1.16184220249393
"7957",1.19005052049307
"7958",1.96308355470579
"7959",1.1193652507626
"7960",0.835447193509765
"7961",2.21705726624075
"7962",1.98526659829805
"7963",3.47284201154646
"7964",2.58105509308792
"7965",2.83487275893736
"7966",3.26221327397444
"7967",3.02124763611385
"7968",2.33143110217346
"7969",2.43383940572803
"7970",2.4390297953246
"7971",1.98454001510346
"7972",2.25009557410871
"7973",2.79974560600963
"7974",2.09591613228222
"7975",2.2052429462239
"7976",1.62367910309209
"7977",3.38675651212837
"7978",2.90315446501759
"7979",1.62473011425929
"7980",1.62358133119823
"7981",1.65331710805463
"7982",1.43518379712458
"7983",1.05828891582198
"7984",1.99492584141664
"7985",2.36445202168043
"7986",1.82218718539655
"7987",1.53755367029766
"7988",1.57244154981616
"7989",0.823469905020113
"7990",0.515333227056832
"7991",0.547381858881896
"7992",0.619153140565859
"7993",0.601209776620963
"7994",0.818640528128204
"7995",1.10711825759909
"7996",1.5153499603028
"7997",1.78330707267031
"7998",1.21583111175756
"7999",1.92621455244041
"8000",2.20220230848694
"8001",1.84376291159937
"8002",1.60271753830032
"8003",2.20043468073039
"8004",1.14595490109413
"8005",0.968721633310126
"8006",1.86787801238471
"8007",1.6821624870091
"8008",1.34133001923531
"8009",1.38547858882747
"8010",1.26628488242681
"8011",2.17296983476288
"8012",1.11570910891356
"8013",0.563812995163324
"8014",0.517830586968639
"8015",0.792085623155564
"8016",0.844585661059504
"8017",0.601094681564203
"8018",0.562849076508028
"8019",0.410590612147606
"8020",0.566050867031442
"8021",0.661079132642288
"8022",0.678650580667905
"8023",0.63630715225683
"8024",0.605992032247093
"8025",0.276984148374925
"8026",0.282090711352482
"8027",0.414930659772764
"8028",0.62520715811187
"8029",0.812174538093249
"8030",0.833026486781358
"8031",0.556197360618232
"8032",0.27584905762002
"8033",0.270878200145375
"8034",0.216882571757191
"8035",0.143561643666047
"8036",0.252667001428927
"8037",0.434120912834239
"8038",0.534694910207681
"8039",0.761513085475141
"8040",0.657049887709451
"8041",0.456540167968397
"8042",0.535013584994205
"8043",0.354604596213824
"8044",0.310277575572003
"8045",0.1979088709492
"8046",0.208112072110168
"8047",0.20176102448801
"8048",0.43571069766443
"8049",0.614465552776651
"8050",0.719068884240049
"8051",1.00030724271854
"8052",1.55684279407924
"8053",2.2041910853174
"8054",0.729095247384938
"8055",0.768971905311527
"8056",0.547463861125795
"8057",0.363269099948483
"8058",0.292250506288714
"8059",0.205674730194064
"8060",0.197136114865809
"8061",0.224536323376962
"8062",0.134102559019756
"8063",0.229726768570274
"8064",0.267289396726294
"8065",0.25860570556526
"8066",0.457307341963427
"8067",0.433721234044769
"8068",0.505893466850171
"8069",0.814469742195698
"8070",0.738690821146381
"8071",0.459501539733359
"8072",0.636620926372142
"8073",0.922991049296148
"8074",1.07953819833861
"8075",0.711638221382586
"8076",0.483746774564619
"8077",0.461847299847941
"8078",0.560779217636717
"8079",0.706864601791548
"8080",0.330960978270799
"8081",0.219177352832139
"8082",0.101817354931689
"8083",0.144988683020165
"8084",0.147084267168714
"8085",0.336314070560391
"8086",0.460488437867833
"8087",0.493942481452187
"8088",0.639006164707724
"8089",1.2021126909048
"8090",1.71671516881476
"8091",2.53040880220118
"8092",2.44734810785861
"8093",2.71081653308681
"8094",3.24930217850187
"8095",4.29505959424437
"8096",5.47704928765598
"8097",3.42139198006952
"8098",2.18742136457475
"8099",1.82074014276192
"8100",2.11654730405614
"8101",1.10278031424947
"8102",1.34939332662425
"8103",1.37723737593084
"8104",1.08760103875903
"8105",1.57337976054923
"8106",2.32679834949445
"8107",3.14328892560364
"8108",2.13550104340441
"8109",1.02272334550534
"8110",1.25614754961117
"8111",0.926560434229078
"8112",1.21315720919287
"8113",0.859494507925975
"8114",0.774396092745052
"8115",0.667857330781792
"8116",0.882960227716678
"8117",0.578729440605517
"8118",0.37203810012228
"8119",0.186566988453486
"8120",0.348156939746741
"8121",0.818342211486467
"8122",0.86041975501928
"8123",0.919949313755106
"8124",0.537035013974128
"8125",0.637001670397252
"8126",0.34364105450326
"8127",0.330637208783338
"8128",0.367778395497713
"8129",0.155059340101848
"8130",0.199218658914226
"8131",0.31280239912174
"8132",0.244139005646583
"8133",0.229963742093033
"8134",0.404507410810214
"8135",0.210362695511539
"8136",0.240937491454808
"8137",0.207804189634789
"8138",0.25865839382089
"8139",0.167742976431305
"8140",0.199017292067547
"8141",0.39984522166506
"8142",0.342805619691748
"8143",0.269030192239496
"8144",0.184285662611003
"8145",0.228337207022925
"8146",0.265089237911693
"8147",0.286061440112803
"8148",0.228467850888212
"8149",0.256792617849556
"8150",0.207225532267162
"8151",0.265206660228849
"8152",0.263142478414312
"8153",0.15135000556909
"8154",0.0817632196908491
"8155",0.0706777553080443
"8156",0.155173278792294
"8157",0.365421456753029
"8158",0.316488371478742
"8159",0.464886038369432
"8160",1.11496057960595
"8161",1.50403250635608
"8162",0.964373803060179
"8163",0.267361040768128
"8164",0.398202808264526
"8165",0.336062644993711
"8166",0.379521666403006
"8167",0.25789918814507
"8168",0.50224533337137
"8169",0.767900485181435
"8170",0.552768900264311
"8171",0.826682665045917
"8172",0.550990743567361
"8173",0.907142483689341
"8174",1.26733303465783
"8175",1.368595086971
"8176",2.25165470385341
"8177",1.09540483542208
"8178",0.770764443072794
"8179",0.619980775797409
"8180",0.672357359440413
"8181",0.512981723290136
"8182",1.04105985411845
"8183",0.901094740537649
"8184",0.60345051935985
"8185",0.542498556866087
"8186",0.243176779165394
"8187",0.210123237716632
"8188",0.475400746941659
"8189",0.286404071872003
"8190",0.303944516949915
"8191",0.615822444128773
"8192",0.755490317704314
"8193",0.955440835995153
"8194",0.842699670304652
"8195",1.40310978283435
"8196",1.91915555620281
"8197",1.60630900912054
"8198",1.28858151167015
"8199",0.82448308819078
"8200",2.61894551432254
"8201",6.28357430866495
"8202",5.79348676219437
"8203",5.16237022050735
"8204",9.27271397730016
"8205",5.56649622697439
"8206",8.4353790788107
"8207",6.22256685594874
"8208",3.48487667178704
"8209",2.66410977648681
"8210",2.42913587431122
"8211",1.7435850257648
"8212",3.4448756233199
"8213",3.79026902030823
"8214",2.34959183832401
"8215",0.903687912769439
"8216",0.824999368629014
"8217",1.41961989592076
"8218",1.68549738280363
"8219",1.20934388827292
"8220",1.08824678092235
"8221",0.601298717318377
"8222",0.32322590611965
"8223",0.132026603666358
"8224",0.185354793571333
"8225",0.158721334823829
"8226",0.134320256301704
"8227",0.146536082593778
"8228",0.132254075292788
"8229",0.0600316355417758
"8230",0.0640449210388767
"8231",0.0793666292790994
"8232",0.076956152356161
"8233",0.15206045835856
"8234",0.432080281883628
"8235",0.493035867642897
"8236",0.566062676507157
"8237",0.140602152075881
"8238",0.103614531038355
"8239",0.106979379823324
"8240",0.155600523616755
"8241",0.164524662143951
"8242",0.319657285482019
"8243",0.679509061047742
"8244",0.568735130134961
"8245",0.904940134183315
"8246",0.573687501367491
"8247",0.57267044032528
"8248",0.300197564567365
"8249",0.254529523125525
"8250",0.185603953499847
"8251",0.353440690336853
"8252",0.668860999611621
"8253",0.631045703527607
"8254",0.406838793300483
"8255",0.530527296612005
"8256",0.964766811365754
"8257",1.05337004524535
"8258",2.58056387018412
"8259",2.90304997022388
"8260",1.93801103153355
"8261",1.33490006491745
"8262",1.61299859798628
"8263",1.49777465533128
"8264",2.33862525769034
"8265",1.24494219772506
"8266",0.627795203250505
"8267",0.635804811217745
"8268",0.439103141132728
"8269",0.408186087942498
"8270",0.266475152967743
"8271",0.475323213762899
"8272",0.437892677080164
"8273",0.683258921125233
"8274",0.936815228078518
"8275",0.727052455994161
"8276",0.273826006664789
"8277",0.213091614275972
"8278",0.213998547238512
"8279",0.312438185900953
"8280",0.191445113987233
"8281",0.224694153445128
"8282",0.393440557892241
"8283",0.466511784676612
"8284",0.474086081467587
"8285",0.408878987050497
"8286",0.809944661878625
"8287",0.948206938829399
"8288",0.692487966277733
"8289",0.996272179093929
"8290",0.90182388266356
"8291",0.635900988199191
"8292",0.638999118860137
"8293",0.916784586331556
"8294",1.39693927459498
"8295",1.48586014262114
"8296",1.68757933852525
"8297",2.91783428567324
"8298",2.88270685242425
"8299",3.50970239283503
"8300",3.79287304907999
"8301",5.34732787588374
"8302",4.97040617895874
"8303",3.29368930118576
"8304",1.74471242776237
"8305",1.33175036058225
"8306",1.83009043411516
"8307",1.14487093349318
"8308",1.06086204696696
"8309",1.25006667628307
"8310",1.16152317507061
"8311",0.990844579955206
"8312",0.539036752210546
"8313",0.619509505699125
"8314",0.467550482704086
"8315",0.351492265641235
"8316",0.213109187806249
"8317",0.190221105793598
"8318",0.250836821219951
"8319",0.288994401241652
"8320",0.267637472083625
"8321",0.348464564365193
"8322",0.289267170385029
"8323",0.36531474896581
"8324",0.574264859953529
"8325",0.749377921051262
"8326",1.84523473260544
"8327",4.27485610488805
"8328",3.25770141333062
"8329",4.24831250629376
"8330",6.05253933708019
"8331",5.93684707373656
"8332",6.20780747769573
"8333",4.88270344647433
"8334",4.04594647363359
"8335",3.67689738325644
"8336",3.19437604094033
"8337",2.44344428178242
"8338",3.15113844806032
"8339",7.15408477873886
"8340",5.92456493802382
"8341",5.58876227043682
"8342",3.68217737401838
"8343",2.19545960357945
"8344",1.97792126542512
"8345",2.28749316166232
"8346",3.50329859332352
"8347",3.4367853556165
"8348",2.20573043638663
"8349",2.19253829604089
"8350",1.83154770850123
"8351",2.36958441708158
"8352",2.38268324798049
"8353",2.04584772332434
"8354",1.11993978779201
"8355",0.936380768312031
"8356",1.02305516188686
"8357",1.15651624398147
"8358",1.18647893756493
"8359",1.14027042806853
"8360",2.21246646029265
"8361",1.02929559206288
"8362",0.726854098615195
"8363",0.690813122971632
"8364",0.752707945009411
"8365",0.54938607765068
"8366",0.822369190227965
"8367",0.877305568714529
"8368",0.590310946315564
"8369",0.919993632452632
"8370",1.20451002747302
"8371",1.19977954063087
"8372",0.659922572338439
"8373",0.662880014689789
"8374",0.878991336293234
"8375",1.03526265536338
"8376",1.33076394836123
"8377",0.719650169897995
"8378",0.819806486222298
"8379",0.748849564512942
"8380",0.837937099100895
"8381",0.685163893424501
"8382",1.00822355138971
"8383",0.65134087304628
"8384",0.857375053092228
"8385",0.842159721303943
"8386",1.00022275055846
"8387",1.11661408233666
"8388",0.591509287093655
"8389",0.418315571046384
"8390",0.492396229653551
"8391",0.423205461603408
"8392",0.669326201927506
"8393",0.592327222248934
"8394",0.5564075785032
"8395",0.782393987180575
"8396",0.971124333847948
"8397",0.755921974383121
"8398",1.32218633453386
"8399",2.27436386027356
"8400",3.41002858525282
"8401",2.01515277726173
"8402",3.1927582075181
"8403",2.46032821939072
"8404",2.70503680133648
"8405",2.48436337556693
"8406",2.00258978922919
"8407",1.26980377458221
"8408",1.42885418021019
"8409",0.978616554201048
"8410",1.29735730678751
"8411",1.62920470777499
"8412",1.06982416492527
"8413",0.766509083728805
"8414",0.58739289533214
"8415",0.446684484791402
"8416",0.220266519107798
"8417",0.358764916650174
"8418",0.396450588245501
"8419",0.37220075239597
"8420",0.595148666434126
"8421",0.733431783899814
"8422",1.22500919953848
"8423",1.51034780500388
"8424",0.86853597346418
"8425",0.464691742806493
"8426",0.667339133969693
"8427",0.467491824365947
"8428",0.275291784829396
"8429",0.284629868117157
"8430",0.276610931976553
"8431",0.293575066767785
"8432",0.366070956176165
"8433",0.491603634955934
"8434",0.441596825993781
"8435",0.5780829827105
"8436",0.636389261244864
"8437",1.03316915881351
"8438",1.32530906928819
"8439",0.623681232215589
"8440",0.436665727511865
"8441",0.345991719851795
"8442",0.398097008157882
"8443",0.338754377537923
"8444",0.263674411899182
"8445",0.165664135870556
"8446",0.457211282140206
"8447",0.502794284728454
"8448",0.430909725943534
"8449",0.465720159817041
"8450",0.425599724906769
"8451",0.427153986343918
"8452",0.329797938806993
"8453",0.756296202736027
"8454",0.905512907177022
"8455",0.725131591396474
"8456",0.710050969462447
"8457",1.50148576678143
"8458",0.728265403478124
"8459",0.706723453824965
"8460",1.14901539699114
"8461",1.15414290143473
"8462",0.938758876110057
"8463",0.529447210694247
"8464",0.879690206657012
"8465",0.678307129623969
"8466",0.898939244704124
"8467",1.09789134426944
"8468",0.690700867217575
"8469",1.54468252133164
"8470",1.44546325642851
"8471",1.11262847314696
"8472",1.35844838282187
"8473",1.32060842423273
"8474",2.53447763297824
"8475",1.23299468439895
"8476",1.00431562245728
"8477",1.73455962458855
"8478",2.37767896395237
"8479",2.25035866392791
"8480",1.98098887460986
"8481",1.11522293357369
"8482",0.433187694461545
"8483",0.317781801364006
"8484",0.160048520341496
"8485",0.206168161580717
"8486",0.171843592682495
"8487",0.183281031890605
"8488",0.108272491051663
"8489",0.0907202593695326
"8490",0.10629271176758
"8491",0.280239622077376
"8492",0.32388759173895
"8493",0.3335776291414
"8494",0.667909182421384
"8495",0.613492827443167
"8496",1.28261529230724
"8497",0.8892579084108
"8498",0.789748957382667
"8499",0.48419934245656
"8500",0.997358990033241
"8501",2.35627206885628
"8502",3.02094017324643
"8503",3.13219144408891
"8504",8.10689225927399
"8505",15.1470204286599
"8506",7.38911933092676
"8507",10.0737653399201
"8508",16.3258884590041
"8509",21.614083755912
"8510",13.5102024907919
"8511",13.336874896001
"8512",12.5359021226845
"8513",12.7655521359435
"8514",14.0499184589034
"8515",12.6630710620605
"8516",18.480446792345
"8517",10.8132284918893
"8518",5.23223258794773
"8519",3.17041809996286
"8520",3.33932662136616
"8521",1.31114557198855
"8522",1.47908076244079
"8523",2.26208554670648
"8524",3.33377703701909
"8525",2.60282270235749
"8526",1.35999493377953
"8527",1.42933954537561
"8528",1.51619332904437
"8529",1.51613214292937
"8530",1.19014613699704
"8531",0.446233599249968
"8532",0.515604951520497
"8533",0.328229304734517
"8534",0.264886106126376
"8535",0.205857006599433
"8536",0.213303768354522
"8537",0.21525457130975
"8538",0.431314194794921
"8539",0.451465813033559
"8540",0.918446287674343
"8541",0.385498739691745
"8542",0.424672683220576
"8543",0.474912069294615
"8544",0.583180534929453
"8545",0.899870755542828
"8546",1.27128615887878
"8547",1.08623141616475
"8548",0.886726816250133
"8549",1.24720848601397
"8550",0.962698413734537
"8551",0.438961956615587
"8552",0.527045335239326
"8553",0.498122814497403
"8554",0.501678743252811
"8555",0.23948299835847
"8556",0.304782002574958
"8557",0.267330579105713
"8558",0.169117366665583
"8559",0.179734826242417
"8560",0.2379983521667
"8561",0.248084659491343
"8562",0.204414892449927
"8563",0.346086896576125
"8564",0.292963285640385
"8565",0.445760606490759
"8566",0.467379475217943
"8567",0.5615894436147
"8568",0.377104870084362
"8569",0.448620062586106
"8570",0.359942475578052
"8571",0.262943534901278
"8572",0.200045190926149
"8573",0.257481639588532
"8574",0.189435037115522
"8575",0.229501581023873
"8576",0.386903503963594
"8577",0.426619432354692
"8578",0.857128783167183
"8579",0.887105273322809
"8580",1.0164235761079
"8581",0.677832169470858
"8582",0.584808629187602
"8583",0.746106898843501
"8584",0.719016986833737
"8585",0.656679863413793
"8586",0.918755921904634
"8587",0.512321455078745
"8588",0.634031200313946
"8589",1.01775795406633
"8590",0.507992993278882
"8591",0.427494575091844
"8592",0.485911963131225
"8593",0.569155039246988
"8594",0.648214938441441
"8595",0.976227499218622
"8596",1.71931706428086
"8597",1.66256906188267
"8598",0.923509086983212
"8599",1.13289442629474
"8600",0.542810527945929
"8601",0.649908733891509
"8602",0.649630293788789
"8603",0.797687059327402
"8604",0.559692022911061
"8605",0.544923578281511
"8606",0.589833770416126
"8607",0.865061649986936
"8608",0.801885674643829
"8609",1.79128025243949
"8610",1.1777403577492
"8611",1.13718277356262
"8612",1.88786273088678
"8613",0.987906914095297
"8614",0.573688296449988
"8615",0.553467688952552
"8616",0.528464967168586
"8617",0.820079074792306
"8618",1.32987626969081
"8619",1.34799644046786
"8620",1.57712793695524
"8621",2.0409301224119
"8622",3.39264566143799
"8623",2.78214243692291
"8624",2.07189412119633
"8625",1.50310379269569
"8626",1.4239539733246
"8627",1.14581940994134
"8628",1.58955521110451
"8629",0.983301207962151
"8630",1.50712816913255
"8631",1.03936678487576
"8632",1.09914859001179
"8633",1.69629360113273
"8634",2.25614398271248
"8635",1.69494848637899
"8636",2.42463801404664
"8637",2.01090836069529
"8638",1.51524828980414
"8639",1.33838155496068
"8640",1.07644288852909
"8641",0.911690360348921
"8642",1.08476245792501
"8643",0.749267979219168
"8644",1.23506034400203
"8645",1.02779562942386
"8646",1.37831744982944
"8647",0.569958632869974
"8648",0.313979829369882
"8649",0.20176010024121
"8650",0.422768800969762
"8651",0.39048347668881
"8652",0.444273658600079
"8653",0.375224854411177
"8654",0.304808435945735
"8655",0.416565390078823
"8656",0.247598923481765
"8657",0.229706672556919
"8658",0.230095028779568
"8659",0.159443859779583
"8660",0.111085308214055
"8661",0.203497986429336
"8662",0.25236244104459
"8663",0.216098122902668
"8664",0.400474006842289
"8665",0.502431502293939
"8666",0.693686143131759
"8667",0.528616901417656
"8668",0.350060549384731
"8669",0.339004952032123
"8670",0.50595501823968
"8671",0.740072196231818
"8672",0.754990990872781
"8673",0.590514336333249
"8674",0.604437905701178
"8675",0.464199975458945
"8676",0.479769851957985
"8677",0.521177278594658
"8678",0.312890228434318
"8679",0.217601663761312
"8680",0.264293596562125
"8681",0.354043960928453
"8682",0.276336437767295
"8683",0.490418335230438
"8684",0.333637843007803
"8685",0.45379469613088
"8686",0.327289279229048
"8687",0.328665273696386
"8688",0.346054263245788
"8689",0.626075847307051
"8690",0.431067371591267
"8691",0.34422379647516
"8692",0.365384747067329
"8693",0.294901327840515
"8694",0.295437148877345
"8695",0.536045481137981
"8696",1.10675510331747
"8697",1.6163848531163
"8698",1.7425116275939
"8699",1.8339954396272
"8700",1.52936260693268
"8701",2.05259457536004
"8702",3.34303235316001
"8703",4.68986170842388
"8704",6.7119136634524
"8705",5.95077060091022
"8706",4.47650715833812
"8707",6.56451094766546
"8708",5.54337292593507
"8709",7.39862321711034
"8710",7.06962747350777
"8711",6.50325478724637
"8712",7.10801482443908
"8713",9.55783064616978
"8714",3.47275802231362
"8715",2.09293727879138
"8716",1.18847430706539
"8717",1.16129627414028
"8718",1.84596296036168
"8719",1.83469802784686
"8720",1.87235831932045
"8721",3.80045962057528
"8722",4.21367394941825
"8723",4.42390347657345
"8724",5.50919491292347
"8725",4.15424186873574
"8726",3.05023800039844
"8727",2.5524137566328
"8728",6.14211829807521
"8729",5.34023175707188
"8730",9.74163022626229
"8731",4.82695478335167
"8732",2.19699675234282
"8733",2.58429808371378
"8734",3.19403561488434
"8735",3.37080433189002
"8736",4.03757678981388
"8737",2.71749656598883
"8738",3.40183856305712
"8739",2.35347593861013
"8740",3.33241214751845
"8741",3.48878742481025
"8742",6.30231095801402
"8743",5.03562607860576
"8744",3.87843771713069
"8745",4.39860980380906
"8746",4.94654137382468
"8747",5.0850341991086
"8748",6.48806442256578
"8749",4.9251851297331
"8750",5.23782439804629
"8751",3.93849201339984
"8752",7.00878218250852
"8753",6.59734473178863
"8754",3.19802273727506
"8755",2.79253418825764
"8756",2.80379265328284
"8757",4.2450142554762
"8758",3.51987315052303
"8759",2.04505636579489
"8760",1.83920093616025
"8761",1.79095177936193
"8762",1.70505131321281
"8763",2.37171837987741
"8764",2.48173509259174
"8765",2.57096546227413
"8766",2.85631633327284
"8767",3.00108816397942
"8768",4.45659941729953
"8769",6.67585896124679
"8770",7.03856966324302
"8771",4.81069926489354
"8772",3.21215716546043
"8773",2.63304945789621
"8774",1.37659240351848
"8775",1.23200928034822
"8776",3.45766051189833
"8777",5.20049936554681
"8778",6.67495287102035
"8779",6.18279602553469
"8780",7.01804563067811
"8781",8.10607745257639
"8782",9.43678145878255
"8783",3.53960334799259
"8784",3.59163765864016
"8785",3.40530533574519
"8786",1.94685415538289
"8787",1.10389374083335
"8788",1.30388842475304
"8789",2.06732352476833
"8790",0.89837865297145
"8791",0.50082995133717
"8792",0.509937257982938
"8793",0.748808287557882
"8794",2.03889183966338
"8795",0.829223367706742
"8796",0.851886995362907
"8797",0.778542731980983
"8798",0.9969938449659
"8799",0.586180154520273
"8800",0.79589117976144
"8801",1.08853909139847
"8802",1.60301424430498
"8803",1.14608201012118
"8804",1.38978165263933
"8805",0.764698156827308
"8806",0.75022601038766
"8807",0.802668288807487
"8808",0.491399567603258
"8809",0.404779489603199
"8810",0.397780372903633
"8811",0.424630021302797
"8812",0.3744475764158
"8813",0.493660642907902
"8814",0.4733334929958
"8815",0.448721274739854
"8816",0.545803142272565
"8817",1.20337575786558
"8818",0.816434521829002
"8819",1.04681036112372
"8820",1.40579366079971
"8821",1.08660773229299
"8822",1.07501793352914
"8823",1.18869669245476
"8824",0.723935050640874
"8825",0.296450095885808
"8826",0.27554575655271
"8827",0.220181384343483
"8828",0.215617795396379
"8829",0.281807532576167
"8830",0.225678940846371
"8831",0.188940240974299
"8832",0.256363877247017
"8833",0.482165733844136
"8834",0.544261829242757
"8835",0.677765812867939
"8836",1.00955458388188
"8837",0.904638168275002
"8838",0.812759385206265
"8839",0.46394339468397
"8840",0.735505155745684
"8841",0.892954095912542
"8842",2.19283713412999
"8843",1.42335066783267
"8844",2.52405047399193
"8845",2.18238122795546
"8846",2.43374931083208
"8847",1.45277298432358
"8848",1.72571485186673
"8849",3.25736230250104
"8850",2.15755123539596
"8851",1.3727527911357
"8852",1.24608846385909
"8853",1.25271968929023
"8854",1.15204768432469
"8855",1.42817922608219
"8856",0.920043168036555
"8857",0.630916231926616
"8858",0.727395301968641
"8859",0.579792205723232
"8860",0.610276673126894
"8861",0.397118355325919
"8862",0.265481696022423
"8863",0.533150970786773
"8864",0.365410505358828
"8865",0.223033332930672
"8866",0.3113760382095
"8867",0.546249232935977
"8868",0.512789150389213
"8869",0.857552635221567
"8870",0.837260164456529
"8871",1.24437388191966
"8872",1.41289816220898
"8873",0.932264173261637
"8874",0.766043824162043
"8875",0.660984237339546
"8876",0.677031743542576
"8877",0.947019133975115
"8878",1.04260365673762
"8879",1.14435101691521
"8880",1.25686062474266
"8881",0.993939319969583
"8882",1.04184935018916
"8883",1.59512797661807
"8884",2.24305985782766
"8885",1.89273081101388
"8886",1.48746843524915
"8887",2.55228308681459
"8888",1.233689753597
"8889",0.888054588784653
"8890",0.979893960787782
"8891",2.35576351323866
"8892",1.9090469406363
"8893",1.72662805158817
"8894",1.89544280875915
"8895",1.7352958273856
"8896",1.59120761299831
"8897",0.867147089995035
"8898",0.626618699563103
"8899",0.672877010696865
"8900",0.483516771639905
"8901",1.12934350825444
"8902",1.57387811059257
"8903",1.96702520411171
"8904",2.44838556918439
"8905",2.23929037171442
"8906",2.93233607135689
"8907",2.35804182013494
"8908",3.78608029422161
"8909",1.54092124001751
"8910",1.36753961912491
"8911",1.62345646405611
"8912",1.48662937134357
"8913",1.00544415465696
"8914",0.561105061602612
"8915",0.94694143174545
"8916",1.21782987095584
"8917",1.11040984881211
"8918",1.91435082779163
"8919",1.65725842307225
"8920",2.06384716178517
"8921",1.9338016402447
"8922",1.32433239433249
"8923",0.652711368857087
"8924",1.11934414358788
"8925",0.951745584176732
"8926",0.974640868282175
"8927",0.670719575229005
"8928",1.00307319221142
"8929",1.54364706173229
"8930",0.652091368825949
"8931",1.11003613150415
"8932",1.47847620284455
"8933",1.50562307164058
"8934",1.35189413285623
"8935",1.33095423369822
"8936",1.34567692331738
"8937",1.394974092657
"8938",1.35707116738762
"8939",1.53510668692104
"8940",2.42920291561374
"8941",3.52862929041511
"8942",3.31288323843292
"8943",1.72378398887757
"8944",1.52004377186613
"8945",1.36859991024141
"8946",1.57468951626684
"8947",1.04785934066046
"8948",1.23261189623811
"8949",0.521569855565803
"8950",0.347651756071031
"8951",0.229422415498213
"8952",0.395915208822731
"8953",0.542988506867655
"8954",0.522165000127228
"8955",0.265962974036718
"8956",0.281823549417889
"8957",0.285518623913567
"8958",0.261836086395348
"8959",0.926692777536141
"8960",0.714500473150847
"8961",0.447341806157225
"8962",0.494666134188209
"8963",0.536344532208307
"8964",0.377347411238635
"8965",0.427414546717453
"8966",0.198356598129692
"8967",0.156117472131895
"8968",0.152961461743007
"8969",0.0631968315166213
"8970",0.101914042126041
"8971",0.108549440900128
"8972",0.158488543320355
"8973",0.274592643226314
"8974",0.212139235076041
"8975",0.407469904101748
"8976",0.35229536234552
"8977",0.364294381864346
"8978",0.321801199407294
"8979",0.222017102285375
"8980",0.277326578858371
"8981",0.46700250875416
"8982",0.800478042605284
"8983",0.769407887832442
"8984",0.882501897232518
"8985",0.861603042853433
"8986",0.538965667834751
"8987",0.471683905372192
"8988",0.390405568818584
"8989",0.841064039510004
"8990",0.700336229267166
"8991",1.08960613015561
"8992",1.22738046038337
"8993",1.54225371441234
"8994",1.39980815638246
"8995",1.46298418573423
"8996",1.66460726662147
"8997",2.36095998097497
"8998",2.30195302797951
"8999",2.61647263055814
"9000",2.14028590539731
"9001",2.695746660006
"9002",2.62764987449768
"9003",1.25036693983434
"9004",1.23954637656298
"9005",2.22504228918939
"9006",2.13880518464064
"9007",2.37424053848842
"9008",1.78011404613967
"9009",1.9255828054868
"9010",0.608803130013897
"9011",0.582857945206366
"9012",0.968556630412247
"9013",0.422229990887143
"9014",0.331436347886498
"9015",0.368897392971151
"9016",0.413790796006248
"9017",0.290050841098035
"9018",0.149062812546312
"9019",0.203897828701201
"9020",0.17674781737027
"9021",0.197217313644527
"9022",0.232351397050166
"9023",0.17370566906122
"9024",0.185509378973885
"9025",0.154448277263813
"9026",0.159646026099836
"9027",0.157058819239258
"9028",0.114301528083007
"9029",0.117509409228124
"9030",0.121048399761157
"9031",0.132353468948891
"9032",0.187301226983176
"9033",0.166910841260134
"9034",0.394450101481518
"9035",0.452490422317324
"9036",0.18577196654007
"9037",0.116542263280736
"9038",0.103840343929614
"9039",0.197928349025751
"9040",0.112016134905993
"9041",0.126330978747302
"9042",0.216312235911856
"9043",0.249001878762056
"9044",0.138735987146432
"9045",0.366162154982847
"9046",0.340653618737779
"9047",0.360281935428986
"9048",0.268138210047283
"9049",0.294770456662962
"9050",0.661733920060892
"9051",0.851394830276281
"9052",0.575548424820127
"9053",1.07232699353333
"9054",0.740798211144623
"9055",1.34842250059484
"9056",2.33802881509521
"9057",1.81838649947131
"9058",2.26004804792379
"9059",2.07089697056984
"9060",2.33700288339469
"9061",2.18778885929158
"9062",2.47130908987067
"9063",1.4200717464188
"9064",1.30158733112072
"9065",1.56157204604195
"9066",2.4119596437048
"9067",2.32227870481329
"9068",3.45381138723191
"9069",2.94216907465334
"9070",3.59788712669959
"9071",7.4670045592744
"9072",4.61124657833222
"9073",8.04342527220183
"9074",3.80576801352993
"9075",5.78817686714798
"9076",7.31664356982867
"9077",5.42155443170528
"9078",4.86860213375989
"9079",2.62371885393007
"9080",4.13843562553553
"9081",4.95912764905131
"9082",2.2187366030794
"9083",3.88774618201076
"9084",7.97292048394602
"9085",16.5565406188096
"9086",24.2363074169196
"9087",26.5422496599186
"9088",23.1334659884558
"9089",28.9253989093803
"9090",32.0769468569042
"9091",17.4174036874204
"9092",23.5916805798854
"9093",26.4810493566098
"9094",19.6491821038285
"9095",16.3030428638225
"9096",8.88515744759386
"9097",11.274593166289
"9098",5.14875075574707
"9099",4.80460520735374
"9100",4.171616151503
"9101",4.99647214267732
"9102",4.86277384136991
"9103",3.31560946177939
"9104",2.74094687328144
"9105",2.98634484215951
"9106",1.75961702959269
"9107",2.33449697715913
"9108",2.39516593836687
"9109",3.00580215855949
"9110",1.81792998509076
"9111",1.86657458254511
"9112",1.50781583942954
"9113",0.719320829116104
"9114",0.556057508873467
"9115",0.696169924353733
"9116",0.709939394442372
"9117",0.890996277593438
"9118",1.03408066998422
"9119",0.455073565833952
"9120",0.404571811344194
"9121",0.724104306988637
"9122",0.479008170093459
"9123",0.406376021672636
"9124",0.649019048372298
"9125",0.269335979459627
"9126",0.15895909701921
"9127",0.163443979967868
"9128",0.175429531480906
"9129",0.240103927072572
"9130",0.251099113231401
"9131",0.202503892308409
"9132",0.247241921478625
"9133",0.188246293602257
"9134",0.211017995510452
"9135",0.281887097204509
"9136",0.40157716930571
"9137",0.94017458590055
"9138",0.577233714088414
"9139",0.540717912413891
"9140",0.480019287097996
"9141",0.380537016469573
"9142",0.502152809447856
"9143",0.651486052402032
"9144",0.664407529168434
"9145",0.643124971394532
"9146",0.474788126102355
"9147",0.609053243515673
"9148",0.534593843512693
"9149",0.525344365007069
"9150",0.774138713030392
"9151",1.33212169229181
"9152",1.73709182251871
"9153",0.89830415497625
"9154",1.02754630612557
"9155",1.27317541229229
"9156",1.31459780701206
"9157",1.67149889034995
"9158",2.17481198331265
"9159",2.11958751532717
"9160",1.54136115012266
"9161",1.94159157462659
"9162",2.50178721091059
"9163",3.82433470963237
"9164",3.3648415987026
"9165",3.16944233306685
"9166",1.656071027588
"9167",1.61207160916551
"9168",1.05652331856233
"9169",0.82079402357255
"9170",2.37961181420207
"9171",2.33693692290568
"9172",2.655928693334
"9173",1.44299540639832
"9174",1.14100294596047
"9175",0.361562327695108
"9176",0.386685059795129
"9177",0.556812570858336
"9178",1.14767744908608
"9179",1.00778048003656
"9180",1.05370733020103
"9181",0.838004056958937
"9182",0.593412540208771
"9183",0.456164946388728
"9184",0.479063910508204
"9185",0.491965703706707
"9186",0.90390160888855
"9187",1.24822782432842
"9188",0.923504319583443
"9189",2.17442643754946
"9190",1.49274586528941
"9191",1.00663137646129
"9192",0.863086630681034
"9193",1.84858718218539
"9194",1.90156874452393
"9195",1.31474755258518
"9196",0.680468663965823
"9197",0.590511063152896
"9198",0.51597690785622
"9199",0.657486809577396
"9200",0.73358227221807
"9201",1.10961007234865
"9202",0.675521854370027
"9203",0.65722465206117
"9204",0.668214447737869
"9205",0.598493722759981
"9206",0.74666836178195
"9207",0.479246597097948
"9208",0.556551117015052
"9209",0.981049335972996
"9210",1.55194184214027
"9211",1.76209457610635
"9212",1.25279157391329
"9213",1.14671095891729
"9214",0.960843152325728
"9215",1.01858797048016
"9216",2.0136651960431
"9217",3.00032702610753
"9218",2.84325965601019
"9219",3.58147904601193
"9220",3.1754483827208
"9221",1.73665129342705
"9222",1.02690994047211
"9223",0.94064374646197
"9224",0.736350896207534
"9225",1.11150224924526
"9226",1.09172432220537
"9227",1.99183212150997
"9228",2.24845254930384
"9229",1.65890224092042
"9230",2.04158208809185
"9231",1.25367317487742
"9232",0.964499993830208
"9233",0.970061662022603
"9234",0.787931104241224
"9235",0.63053377025393
"9236",0.749014271100594
"9237",0.65643229513831
"9238",0.54967744937963
"9239",0.911915184131882
"9240",0.693195388637768
"9241",0.529452332891351
"9242",0.797377972159886
"9243",1.27913894952185
"9244",1.46452691976278
"9245",1.73570033027509
"9246",1.57938175412167
"9247",1.39314622941897
"9248",2.16608525671961
"9249",3.16996581822081
"9250",3.69326178865048
"9251",5.50393250833227
"9252",4.12457418651788
"9253",4.93762006081483
"9254",6.05412242392088
"9255",4.19260527303547
"9256",3.52923151271956
"9257",5.14634100847216
"9258",4.46598784879054
"9259",3.46632639860063
"9260",3.48317379785207
"9261",2.57901918949448
"9262",3.06694467477635
"9263",3.84117185412745
"9264",3.83224111635664
"9265",4.15035914248851
"9266",8.72197655031793
"9267",9.19782863974342
"9268",9.81869701872683
"9269",8.79705142212876
"9270",4.68836697441878
"9271",5.26750756565529
"9272",5.45252269229369
"9273",4.9668921270157
"9274",5.76410431475134
"9275",4.12131365170396
"9276",4.02845034019807
"9277",3.18075215873464
"9278",2.71321532807014
"9279",4.23195770948562
"9280",7.25461576852896
"9281",5.89548285396741
"9282",5.69753758258729
"9283",2.45754362833637
"9284",3.12564248084975
"9285",2.74110079745888
"9286",1.87247962883187
"9287",1.76928120584329
"9288",2.04713998282194
"9289",1.48391856043766
"9290",1.84579195124586
"9291",1.96199916639795
"9292",3.00593210478443
"9293",3.77886290927557
"9294",4.85339920498711
"9295",2.50616937885612
"9296",2.61188896013019
"9297",3.19301227563383
"9298",2.46764913253496
"9299",2.49880143260771
"9300",2.26920040334833
"9301",1.80496084530744
"9302",2.05779358727436
"9303",1.91831104095135
"9304",4.75065817329481
"9305",4.523381058726
"9306",6.66148839544751
"9307",2.45108589784118
"9308",1.91788926299918
"9309",1.45276683264159
"9310",1.39923838224175
"9311",1.1506001680104
"9312",1.36281483564355
"9313",1.88735254642162
"9314",4.57283005584889
"9315",3.25242790309059
"9316",2.89263603779331
"9317",2.72932136083438
"9318",0.778279977006165
"9319",0.827512880901261
"9320",0.691761758659999
"9321",0.807875367052466
"9322",0.630843671799895
"9323",1.20638271718499
"9324",2.75887210915772
"9325",1.55752152895789
"9326",2.31470112567194
"9327",2.87186105892886
"9328",1.59866055473699
"9329",1.57172173367899
"9330",1.76965214294613
"9331",3.5940994050588
"9332",2.1938451907355
"9333",1.85636837099504
"9334",1.46616315592993
"9335",1.06992225717767
"9336",0.831231351519002
"9337",0.457986186246428
"9338",0.371572829023001
"9339",0.396624593629526
"9340",0.621834741274496
"9341",0.474783350458857
"9342",0.820227803281771
"9343",1.05192327978244
"9344",0.65512659709736
"9345",0.673859394103402
"9346",1.27668419322975
"9347",1.66188891434985
"9348",1.83584771831551
"9349",0.91446087815437
"9350",0.927139689844491
"9351",1.00786303137463
"9352",1.00694500366446
"9353",1.46475028309648
"9354",0.808085520235225
"9355",0.364012276147897
"9356",0.315097969854026
"9357",0.352000245787773
"9358",0.245560619459547
"9359",0.142395754373936
"9360",0.196553965277037
"9361",0.446355983013572
"9362",0.298755585972445
"9363",0.46325798128213
"9364",0.375941960512902
"9365",0.419717314037352
"9366",0.732908893615393
"9367",0.443480439825125
"9368",0.653571568487304
"9369",0.870931771413907
"9370",0.634708935514009
"9371",1.12203831407776
"9372",1.13069658902167
"9373",1.34340795981618
"9374",1.57470516886214
"9375",1.13398201428054
"9376",1.6659952823359
"9377",1.96569321926686
"9378",2.03382464277221
"9379",1.54478531400838
"9380",1.56949704972472
"9381",2.59364121140824
"9382",1.66839926762029
"9383",2.38191589787794
"9384",3.0435725577675
"9385",2.92058580053782
"9386",2.83388971045635
"9387",3.83438538952725
"9388",2.90834013431102
"9389",6.27187054198578
"9390",4.07920025279315
"9391",3.50987499792597
"9392",5.04200385403303
"9393",4.04556459394528
"9394",3.62448033821528
"9395",3.6403897679246
"9396",3.67242071089361
"9397",2.66494261985702
"9398",3.82716199777455
"9399",3.01874177851901
"9400",4.53176322511381
"9401",4.4181715637123
"9402",6.51636004931414
"9403",5.78295439451025
"9404",7.38894488873578
"9405",8.13627413017027
"9406",6.32943866445708
"9407",3.80883240620047
"9408",4.79747221833715
"9409",5.80929379207561
"9410",3.85250530009386
"9411",3.73760731634397
"9412",4.41122542788645
"9413",5.0430035216476
"9414",2.88848452657078
"9415",3.24472325164232
"9416",1.96917999495094
"9417",2.3207809978783
"9418",2.0350083259048
"9419",1.18592642695702
"9420",0.924297660209787
"9421",1.49269610358163
"9422",1.86164234108643
"9423",2.00846795810017
"9424",3.5644135295761
"9425",3.4711236644094
"9426",1.60343812826501
"9427",2.10820553135148
"9428",1.83618037286163
"9429",3.0375638420614
"9430",4.11814387791691
"9431",2.06234832698287
"9432",1.4234847632521
"9433",1.30789256893619
"9434",1.96586481032236
"9435",2.00227774188092
"9436",2.09535734110736
"9437",3.11537058656579
"9438",3.48353466697095
"9439",2.51122723975124
"9440",2.50512401300319
"9441",1.9112528373792
"9442",2.05291729274172
"9443",1.0859854662801
"9444",1.35894827463905
"9445",1.33512140911304
"9446",1.67559924417287
"9447",1.2851857782628
"9448",2.3732328289392
"9449",1.68949140324287
"9450",1.80836593398771
"9451",1.85457784151742
"9452",1.72892867018439
"9453",1.61613163353497
"9454",0.953232402495755
"9455",0.931636106310163
"9456",2.00128358096479
"9457",1.84559757010886
"9458",2.60704436374053
"9459",1.60336681988846
"9460",2.31740128840184
"9461",1.82364524508365
"9462",0.926789040664512
"9463",0.701412871958103
"9464",0.479268229024896
"9465",0.267622159853484
"9466",0.175212727458835
"9467",0.309839750179641
"9468",0.433840979164911
"9469",0.784229757974463
"9470",0.766584449271108
"9471",1.42062176274849
"9472",1.69448242814854
"9473",0.752558815467349
"9474",1.08873355313938
"9475",1.68989379565215
"9476",0.899547421444409
"9477",1.19395061136999
"9478",1.13591933373643
"9479",0.712322779991046
"9480",0.64322671537318
"9481",1.14931537295939
"9482",0.910288277500495
"9483",1.3263266814837
"9484",1.17945208912659
"9485",0.899950270609538
"9486",0.648316228040333
"9487",0.625433496033861
"9488",0.481919069995355
"9489",0.346079631731036
"9490",0.378413169967439
"9491",0.603054426809022
"9492",0.816888617705599
"9493",1.41573085326667
"9494",1.14446052199675
"9495",0.879018441035322
"9496",0.661751210726048
"9497",0.337591514899174
"9498",0.290250140352685
"9499",0.338932966560388
"9500",0.449938675667682
"9501",0.887812947473099
"9502",0.747449321940315
"9503",0.954379628230107
"9504",1.1610776154496
"9505",1.08780169549288
"9506",1.15180421652647
"9507",1.19845126142663
"9508",1.3850478311185
"9509",1.0562680505753
"9510",1.9937773484503
"9511",3.13344537387584
"9512",3.31679732768275
"9513",4.19907401867366
"9514",5.20435422710506
"9515",6.21130934404032
"9516",6.16106954044245
"9517",5.8895738722817
"9518",5.24413869615857
"9519",8.99416351099895
"9520",9.37518539235226
"9521",4.51993666215916
"9522",5.73271268196397
"9523",4.23182095931922
"9524",5.95153815839879
"9525",3.50363132010259
"9526",3.04955437323446
"9527",2.46713640296558
"9528",2.64604085715471
"9529",2.90873137196743
"9530",1.40499183822856
"9531",3.23654070977197
"9532",2.27736459947317
"9533",2.12187705335465
"9534",1.30841841610689
"9535",1.20225528724846
"9536",1.60857640205866
"9537",1.35261137449389
"9538",0.804672148730735
"9539",0.645210977188688
"9540",0.302867659153808
"9541",0.259204732331371
"9542",0.306471473894054
"9543",0.62205893560621
"9544",0.616791331647956
"9545",0.356664202291386
"9546",0.551894571276713
"9547",0.395921332888131
"9548",0.33081256049645
"9549",0.190442787366812
"9550",0.212514672685198
"9551",0.370165184676742
"9552",0.468861866772134
"9553",0.447553291188629
"9554",0.283303715343906
"9555",0.279320909721729
"9556",0.219458619968853
"9557",0.184230020143301
"9558",0.170359555376173
"9559",0.270165910469658
"9560",0.448991560045806
"9561",0.408833595616966
"9562",0.224247957575128
"9563",0.124362386313591
"9564",0.127980600919015
"9565",0.0692336013461801
"9566",0.0899751196236566
"9567",0.0759418004109268
"9568",0.0841001296379987
"9569",0.137408622147891
"9570",0.367480363280381
"9571",0.287055244738026
"9572",0.326395117380667
"9573",0.291865278695555
"9574",0.426767493592878
"9575",0.296438074243822
"9576",0.476282089099974
"9577",0.642948424576478
"9578",0.740436513363355
"9579",0.820915898656888
"9580",1.03815712708193
"9581",1.65828197668436
"9582",1.75428619590194
"9583",2.0023509826382
"9584",2.28825124220574
"9585",2.31968096610557
"9586",1.98612319431289
"9587",2.39901719085031
"9588",1.58366696452288
"9589",0.842083850591559
"9590",0.816532462829401
"9591",0.878515618107813
"9592",0.544599959975039
"9593",0.72323602730721
"9594",0.994527570097444
"9595",1.04121861364214
"9596",1.01565261085514
"9597",0.53579954025147
"9598",1.05957544296386
"9599",0.734146533973356
"9600",1.2589057178203
"9601",1.36377602851269
"9602",1.15134547163237
"9603",1.26220771471056
"9604",0.972277777698674
"9605",0.973571536628417
"9606",0.90329874094077
"9607",0.852451939936113
"9608",0.427234118131053
"9609",0.334968903482654
"9610",0.252255761623601
"9611",0.380548479027248
"9612",0.285994262671027
"9613",0.175820992915796
"9614",0.220546415726237
"9615",0.230916475812972
"9616",0.194192574118641
"9617",0.127305922470461
"9618",0.0877725145921616
"9619",0.0799624956805534
"9620",0.0442288986283766
"9621",0.0435141141043139
"9622",0.0490279793839042
"9623",0.081120387304344
"9624",0.0599984759875795
"9625",0.0644752467152838
"9626",0.0696481014109253
"9627",0.04319778033464
"9628",0.0474774524037848
"9629",0.0576433244043334
"9630",0.0502059091326443
"9631",0.0769480371559035
"9632",0.147664319255526
"9633",0.161109804165848
"9634",0.202072240636184
"9635",0.225487988594946
"9636",0.120638174255456
"9637",0.0456172096003579
"9638",0.0505143978726833
"9639",0.0361191369572975
"9640",0.0438861142341441
"9641",0.119363825665075
"9642",0.213809126803688
"9643",0.201495151190051
"9644",0.141640626131938
"9645",0.165600789172598
"9646",0.290775627446673
"9647",0.2501159825155
"9648",0.324337135030741
"9649",0.271026245263963
"9650",0.375468472416819
"9651",0.447558808033245
"9652",0.284432098676893
"9653",0.499803201669468
"9654",0.272583276254373
"9655",0.393870402370373
"9656",0.306007887352605
"9657",0.382348528763074
"9658",0.271882957091929
"9659",0.460787605795883
"9660",0.504574084225254
"9661",0.42597005776096
"9662",0.577272022258969
"9663",1.29182404931685
"9664",0.402515685837803
"9665",0.226444140857095
"9666",0.260401328493795
"9667",0.418269287930333
"9668",1.02846551755901
"9669",0.604694973487026
"9670",0.519034483685991
"9671",0.667005600359435
"9672",0.479345678297575
"9673",0.923952574650745
"9674",0.669506666532146
"9675",1.24836415335434
"9676",0.919117169984606
"9677",1.2648203009634
"9678",0.950588465233287
"9679",2.62346106292179
"9680",2.23655427151475
"9681",2.15736726354355
"9682",2.93141686282844
"9683",5.50119612051491
"9684",4.02222956155037
"9685",2.25643740601576
"9686",1.05120227543081
"9687",0.683386616198676
"9688",0.572409549425006
"9689",0.752537767505625
"9690",0.643629841154853
"9691",0.389346974996617
"9692",0.648284587569461
"9693",0.601209826346485
"9694",0.541566751953718
"9695",0.502196892380352
"9696",0.553656470604716
"9697",0.340776012021589
"9698",0.39396340672143
"9699",0.291028120398417
"9700",0.181025565451702
"9701",0.163958031137036
"9702",0.236740543427353
"9703",0.177336717887122
"9704",0.196704287485987
"9705",0.169018574041307
"9706",0.177029148159276
"9707",0.507071111606398
"9708",0.389191972565607
"9709",0.377907263953363
"9710",0.778827293579645
"9711",0.611155175121886
"9712",0.567584108144298
"9713",0.463375237996868
"9714",0.581394380375277
"9715",0.495422540223597
"9716",0.418208353756946
"9717",0.356987867929008
"9718",0.469967052319108
"9719",0.425090082188479
"9720",0.392207526199794
"9721",0.44426705833538
"9722",0.246467553600325
"9723",0.314137090333547
"9724",0.204549844998404
"9725",0.163494702766885
"9726",0.311626982524061
"9727",0.19669285730416
"9728",0.399986711784395
"9729",0.422746210926462
"9730",0.523791047368122
"9731",0.507974267074183
"9732",0.819147724875111
"9733",0.325861448172969
"9734",0.521456877803904
"9735",0.46429116621475
"9736",0.467222204679669
"9737",0.470433053384104
"9738",0.239852800761016
"9739",0.511909290052818
"9740",1.02531038141704
"9741",1.51654675650178
"9742",1.30109948772798
"9743",1.04633102005373
"9744",0.842694754875861
"9745",0.630873747327099
"9746",0.548394606330653
"9747",0.639753927814283
"9748",0.63487157430445
"9749",0.585008303142342
"9750",0.766670261029499
"9751",0.810783946121292
"9752",1.14165942748214
"9753",0.784832119355507
"9754",0.640080317736281
"9755",0.691095300981136
"9756",0.544751498256623
"9757",0.684462518392123
"9758",0.464372211485141
"9759",0.314582103389131
"9760",0.312255763155281
"9761",0.271643342452929
"9762",0.30413201429328
"9763",0.230755161352815
"9764",0.13582337164942
"9765",0.152494660581357
"9766",0.136103794106242
"9767",0.259405237263825
"9768",0.330881436983306
"9769",0.341928583736843
"9770",0.617472379163952
"9771",1.30786647542205
"9772",1.46652055440129
"9773",1.70527859340294
"9774",2.07274508766782
"9775",0.871439568787694
"9776",1.7138239143449
"9777",2.23838965423152
"9778",4.15334877319419
"9779",5.01012990317634
"9780",2.39998263490906
"9781",2.48188663390413
"9782",2.24147134566261
"9783",2.3995360317389
"9784",1.65456054094527
"9785",1.32235838541532
"9786",0.797474638390017
"9787",1.19960554925554
"9788",0.905033027802267
"9789",0.930446194336004
"9790",0.705740313020384
"9791",0.860836692531087
"9792",0.799300423449919
"9793",0.563753965485703
"9794",0.595257224827516
"9795",0.875893832608941
"9796",0.593561402848627
"9797",0.285522201396186
"9798",0.33050650668893
"9799",0.302060058607448
"9800",0.228001043724869
"9801",0.17407721920317
"9802",0.215614940619566
"9803",0.146355458753526
"9804",0.37823388494886
"9805",0.437084650322608
"9806",0.534013198974573
"9807",0.489936949144706
"9808",0.52068549278077
"9809",0.466547430988595
"9810",0.711522007063358
"9811",0.779079935817626
"9812",0.908366823783078
"9813",1.40248848934213
"9814",1.09742236496895
"9815",1.43057575237548
"9816",1.86900810786802
"9817",2.3622564423161
"9818",3.22194176937443
"9819",1.86488253150129
"9820",1.48213526246541
"9821",1.50354803242932
"9822",1.75398255674643
"9823",2.70343475794092
"9824",2.07872021991332
"9825",1.07479076598573
"9826",1.62293256333574
"9827",3.84880808555655
"9828",5.18411540837826
"9829",4.78601363142965
"9830",5.19716031402512
"9831",3.58180216185061
"9832",5.0881493518757
"9833",4.22873267096256
"9834",3.2202083697346
"9835",2.45329810137338
"9836",2.39135965315322
"9837",1.67643898369489
"9838",1.09739369137932
"9839",0.54638326588871
"9840",0.383227218278529
"9841",0.381796653018018
"9842",0.489197613826912
"9843",0.540916846078974
"9844",0.322055992768661
"9845",0.315178702594923
"9846",0.682608341583907
"9847",0.589920366835505
"9848",0.885417363946286
"9849",0.917594356465949
"9850",0.566705001555518
"9851",0.603696816349721
"9852",0.726140972194847
"9853",0.957257525973459
"9854",0.744012460663503
"9855",0.53283030628557
"9856",0.271713207884016
"9857",0.189217096567546
"9858",0.33577859112017
"9859",0.517211300055585
"9860",0.670838605771127
"9861",0.71977499014865
"9862",1.1086568528385
"9863",1.07478061774425
"9864",0.998014649495
"9865",1.34187509637125
"9866",2.85914099131317
"9867",3.26193751555988
"9868",1.59211773873171
"9869",2.01684831047902
"9870",1.11240042614571
"9871",1.80170964243574
"9872",2.05890330053071
"9873",1.28434482935897
"9874",0.630404686278654
"9875",0.558350695478455
"9876",0.683819201266832
"9877",0.644912436488542
"9878",0.595101577786403
"9879",0.607616260319038
"9880",0.519546762982018
"9881",1.05127814564746
"9882",0.925616844362414
"9883",0.897831494680311
"9884",1.09043455840711
"9885",0.61623331781828
"9886",0.737927340908834
"9887",0.400361554543844
"9888",0.315936891449921
"9889",0.585779984796262
"9890",0.812354406192174
"9891",0.952303609456584
"9892",0.778090174808564
"9893",0.587736596340165
"9894",0.75882556928321
"9895",1.51485997536839
"9896",1.97440492879223
"9897",2.70728768724095
"9898",2.46658492823267
"9899",1.28557946456253
"9900",1.26458959785346
"9901",0.516378556564562
"9902",0.394698563400476
"9903",0.465601401183641
"9904",0.600459100805726
"9905",1.05905389301438
"9906",0.947293446469312
"9907",0.797200090382739
"9908",1.45369350724978
"9909",1.91820417673626
"9910",2.88857191076157
"9911",2.94335032485625
"9912",2.15423012168408
"9913",2.90538203908906
"9914",2.71736526763927
"9915",2.29409974907199
"9916",1.15373422403564
"9917",1.06388642984124
"9918",1.52585971011296
"9919",2.97738317594757
"9920",3.75159282352065
"9921",4.65752380996837
"9922",9.14865044153388
"9923",4.97398806223219
"9924",2.40344936589164
"9925",1.79827528623425
"9926",2.10155434986276
"9927",1.14921857426236
"9928",1.08595966373765
"9929",1.04344509655141
"9930",1.67234878616946
"9931",2.68836031665316
"9932",6.03618658835917
"9933",6.83363888880215
"9934",2.93656163787164
"9935",2.37765042061914
"9936",1.91391287683474
"9937",2.5382527804382
"9938",2.9341060752533
"9939",3.13754547460813
"9940",2.15257136539839
"9941",1.6023011188379
"9942",1.99252358644774
"9943",3.01638085592194
"9944",3.3457859416347
"9945",2.82759647939335
"9946",2.80321005578289
"9947",2.48368480870548
"9948",2.23483299568364
"9949",1.4297218341385
"9950",1.87614598058416
"9951",0.843057003588032
"9952",0.56663876360751
"9953",0.433126735825878
"9954",0.299496984038211
"9955",0.214674302770448
"9956",0.255723966192333
"9957",0.263726572892952
"9958",0.287949990522932
"9959",0.184073856988721
"9960",0.272608312776799
"9961",0.501231318868667
"9962",0.875429714693297
"9963",1.87485418160192
"9964",1.40249719306889
"9965",2.86751116056303
"9966",2.6550715205654
"9967",2.41628070479853
"9968",5.0601256640928
"9969",4.88918529783194
"9970",6.01223381004708
"9971",8.39617355438643
"9972",8.28081353071384
"9973",4.12163277520124
"9974",5.29244338810343
"9975",5.32753427722211
"9976",8.07900327470174
"9977",6.78744534244622
"9978",9.52408026696831
"9979",7.75070038916078
"9980",5.25666824778232
"9981",4.66908078648608
"9982",3.47679566253209
"9983",2.5822708590918
"9984",3.3370282354053
"9985",3.54879485368716
"9986",3.76006845711724
"9987",3.85686998992567
"9988",3.42066379595244
"9989",1.40200607594839
"9990",1.39195791415548
"9991",0.723045417539409
"9992",0.580866175557791
"9993",0.864604321397319
"9994",0.645618591337741
"9995",0.684945198353657
"9996",1.92507893865463
"9997",1.30737825510565
"9998",0.647310899728083
"9999",0.895915106727238
"10000",1.55876313984943
